Network ID	Zone	Fraction
TAZ_6668	Zone_WEC_SDGE	1
TAZ_6609	Zone_WEC_SDGE	1
TAZ_6631	Zone_WEC_SDGE	1
TAZ_6649	Zone_WEC_SDGE	1
TAZ_6133	Zone_WEC_SDGE	1
TAZ_6658	Zone_WEC_SDGE	1
TAZ_6428	Zone_WEC_SDGE	1
TAZ_6561	Zone_WEC_SDGE	1
TAZ_6101	Zone_WEC_SDGE	1
TAZ_6424	Zone_WEC_SDGE	1
TAZ_5612	Zone_WECC_IID	1
TAZ_6407	Zone_WEC_SDGE	1
TAZ_5611	Zone_WECC_IID	1
TAZ_6508	Zone_WEC_SDGE	1
TAZ_5699	Zone_WECC_IID	1
TAZ_5613	Zone_WECC_IID	1
TAZ_5608	Zone_WECC_IID	1
TAZ_6554	Zone_WEC_SDGE	1
TAZ_6134	Zone_WEC_SDGE	1
TAZ_6135	Zone_WEC_SDGE	1
TAZ_5609	Zone_WECC_IID	1
TAZ_6545	Zone_WEC_SDGE	1
TAZ_5607	Zone_WECC_IID	1
TAZ_6836	Zone_WECC_IID	1
TAZ_5606	Zone_WECC_IID	1
TAZ_6303	Zone_WEC_SDGE	1
TAZ_5604	Zone_WECC_IID	1
TAZ_5616	Zone_WECC_IID	1
TAZ_6105	Zone_WEC_SDGE	1
TAZ_5602	Zone_WECC_IID	1
TAZ_5603	Zone_WECC_IID	1
WEC_SDGE	Zone_WEC_SDGE	1
TAZ_5601	Zone_WECC_IID	1
TAZ_6106	Zone_WEC_SDGE	1
WECC_IID	Zone_WECC_IID	1
TAZ_6227	Zone_WEC_SDGE	1
TAZ_6273	Zone_WEC_SDGE	1
TAZ_6100	Zone_WEC_SDGE	1
TAZ_6207	Zone_WEC_SDGE	1
TAZ_5614	Zone_WECC_IID	1
TAZ_5615	Zone_WECC_IID	1
TAZ_6102	Zone_WEC_SDGE	1
TAZ_6108	Zone_WEC_SDGE	1
TAZ_6245	Zone_WEC_SDGE	1
TAZ_5600	Zone_WECC_IID	1
TAZ_6120	Zone_WEC_SDGE	1
TAZ_6251	Zone_WEC_SDGE	1
TAZ_6001	Zone_WECC_SCE	1
TAZ_6003	Zone_WECC_SCE	1
TAZ_6005	Zone_WECC_SCE	1
TAZ_5698	Zone_WECC_SCE	1
TAZ_6840	Zone_WECC_SCE	1
TAZ_5637	Zone_WECC_SCE	1
TAZ_5550	Zone_WECC_SCE	1
TAZ_6014	Zone_WECC_SCE	1
TAZ_6099	Zone_WECC_SCE	1
TAZ_5541	Zone_WECC_SCE	1
TAZ_6037	Zone_WECC_SCE	1
TAZ_5546	Zone_WECC_SCE	1
TAZ_6053	Zone_WECC_SCE	1
TAZ_5917	Zone_WECC_SCE	1
TAZ_6048	Zone_WECC_SCE	1
TAZ_5669	Zone_WECC_SCE	1
TAZ_5973	Zone_WECC_SCE	1
TAZ_6098	Zone_WECC_SCE	1
TAZ_5803	Zone_WECC_SCE	1
TAZ_5853	Zone_WECC_SCE	1
Cavern_18	Zone_WECC_AZ	1
TAZ_4619	Zone_WEC_LADW	1
TAZ_5520	Zone_WECC_SCE	1
TAZ_5691	Zone_WECC_SCE	1
TAZ_5670	Zone_WECC_SCE	1
TAZ_4750	Zone_WEC_LADW	1
TAZ_5680	Zone_WECC_SCE	1
TAZ_4732	Zone_WEC_LADW	1
TAZ_4731	Zone_WEC_LADW	1
TAZ_5693	Zone_WECC_SCE	1
TAZ_4730	Zone_WEC_LADW	1
TAZ_5460	Zone_WECC_SCE	1
TAZ_5788	Zone_WECC_SCE	1
TAZ_5785	Zone_WECC_SCE	1
TAZ_5758	Zone_WECC_SCE	1
TAZ_5681	Zone_WECC_SCE	1
TAZ_5625	Zone_WECC_SCE	1
TAZ_5439	Zone_WECC_SCE	1
TAZ_5638	Zone_WECC_SCE	1
TAZ_5668	Zone_WECC_SCE	1
TAZ_5632	Zone_WECC_SCE	1
TAZ_5482	Zone_WECC_SCE	1
TAZ_5634	Zone_WECC_SCE	1
TAZ_4428	Zone_WEC_LADW	1
TAZ_4436	Zone_WEC_LADW	1
TAZ_5492	Zone_WECC_SCE	1
TAZ_4421	Zone_WEC_LADW	1
TAZ_5624	Zone_WECC_SCE	1
TAZ_5011	Zone_WEC_LADW	1
TAZ_5694	Zone_WECC_SCE	1
TAZ_4403	Zone_WEC_LADW	1
TAZ_4400	Zone_WEC_LADW	1
TAZ_3803	Zone_WEC_LADW	1
TAZ_3802	Zone_WEC_LADW	1
TAZ_4463	Zone_WEC_LADW	1
TAZ_4361	Zone_WEC_LADW	1
TAZ_4355	Zone_WEC_LADW	1
TAZ_4354	Zone_WEC_LADW	1
TAZ_4353	Zone_WEC_LADW	1
TAZ_4352	Zone_WEC_LADW	1
TAZ_5145	Zone_WECC_SCE	1
TAZ_4930	Zone_WEC_LADW	1
TAZ_5146	Zone_WECC_SCE	1
TAZ_3919	Zone_WEC_LADW	1
TAZ_3889	Zone_WEC_LADW	1
TAZ_5147	Zone_WECC_SCE	1
TAZ_3414	Zone_WECC_SCE	1
TAZ_3531	Zone_WECC_SCE	1
TAZ_3602	Zone_WEC_LADW	1
TAZ_5194	Zone_WECC_SCE	1
TAZ_5198	Zone_WECC_SCE	1
TAZ_3692	Zone_WEC_LADW	1
WEC_LADW	Zone_WEC_LADW	1
TAZ_5135	Zone_WECC_SCE	1
TAZ_3611	Zone_WEC_LADW	1
Cavern_5	Zone_WECC_NM	1
TAZ_5114	Zone_WECC_SCE	1
TAZ_3626	Zone_WEC_LADW	1
TAZ_5106	Zone_WECC_SCE	1
TAZ_3604	Zone_WEC_LADW	1
TAZ_5161	Zone_WECC_SCE	1
TAZ_5116	Zone_WECC_SCE	1
TAZ_5115	Zone_WECC_SCE	1
TAZ_3614	Zone_WEC_LADW	1
TAZ_5119	Zone_WECC_SCE	1
TAZ_3364	Zone_WECC_SCE	1
WECC_AZ	Zone_WECC_AZ	1
TAZ_3646	Zone_WEC_LADW	1
TAZ_5148	Zone_WECC_SCE	1
TAZ_3699	Zone_WEC_LADW	1
TAZ_5103	Zone_WECC_SCE	1
WECC_SCE	Zone_WECC_SCE	1
TAZ_6809	Zone_WEC_LADW	1
TAZ_3361	Zone_WECC_SCE	1
TAZ_3673	Zone_WEC_LADW	1
TAZ_5112	Zone_WECC_SCE	1
TAZ_2903	Zone_WECC_SCE	1
TAZ_5159	Zone_WECC_SCE	1
TAZ_5195	Zone_WECC_SCE	1
TAZ_2904	Zone_WECC_SCE	1
TAZ_2900	Zone_WECC_SCE	1
TAZ_3385	Zone_WECC_SCE	1
TAZ_3384	Zone_WECC_SCE	1
TAZ_5110	Zone_WECC_SCE	1
Cavern_16	Zone_WECC_AZ	1
TAZ_2795	Zone_WECC_SCE	1
TAZ_2912	Zone_WECC_SCE	1
TAZ_5111	Zone_WECC_SCE	1
TAZ_5138	Zone_WECC_SCE	1
TAZ_3321	Zone_WEC_CALN	1
Cavern_17	Zone_WECC_NM	1
Cavern_19	Zone_WECC_SCE	1
TAZ_2911	Zone_WECC_SCE	1
TAZ_2822	Zone_WECC_SCE	1
TAZ_2909	Zone_WECC_SCE	1
TAZ_2891	Zone_WECC_SCE	1
TAZ_3301	Zone_WEC_CALN	1
TAZ_2796	Zone_WECC_SCE	1
WECC_NM	Zone_WECC_NM	1
TAZ_2893	Zone_WECC_SCE	1
TAZ_2947	Zone_WECC_SCE	1
TAZ_2931	Zone_WECC_SCE	1
TAZ_2892	Zone_WECC_SCE	1
TAZ_2935	Zone_WECC_SCE	1
TAZ_3314	Zone_WEC_CALN	1
TAZ_2916	Zone_WECC_SCE	1
TAZ_2897	Zone_WECC_SCE	1
TAZ_3308	Zone_WEC_CALN	1
TAZ_5139	Zone_WECC_SCE	1
TAZ_5140	Zone_WECC_SCE	1
TAZ_2798	Zone_WECC_SCE	1
TAZ_3304	Zone_WEC_CALN	1
TAZ_2924	Zone_WECC_SCE	1
TAZ_2923	Zone_WECC_SCE	1
TAZ_3305	Zone_WEC_CALN	1
TAZ_2949	Zone_WECC_SCE	1
TAZ_2914	Zone_WECC_SCE	1
Cavern_23	Zone_WECC_SNV	1
Cavern_22	Zone_WECC_AZ	1
TAZ_3307	Zone_WEC_CALN	1
TAZ_2712	Zone_WECC_SCE	1
TAZ_2739	Zone_WECC_SCE	1
TAZ_2602	Zone_WEC_CALN	1
TAZ_2772	Zone_WECC_SCE	1
TAZ_3252	Zone_WEC_CALN	1
TAZ_2736	Zone_WECC_SCE	1
TAZ_2744	Zone_WECC_SCE	1
TAZ_2743	Zone_WECC_SCE	1
TAZ_2628	Zone_WEC_CALN	1
TAZ_2731	Zone_WECC_SCE	1
TAZ_2728	Zone_WECC_SCE	1
TAZ_2624	Zone_WEC_CALN	1
TAZ_2605	Zone_WEC_CALN	1
TAZ_2531	Zone_WEC_CALN	1
TAZ_2726	Zone_WECC_SCE	1
TAZ_2608	Zone_WEC_CALN	1
WECC_SNV	Zone_WECC_SNV	1
TAZ_2532	Zone_WEC_CALN	1
TAZ_2718	Zone_WECC_SCE	1
TAZ_3265	Zone_WEC_CALN	1
TAZ_3266	Zone_WEC_CALN	1
TAZ_3013	Zone_WECC_SCE	1
Cavern_21	Zone_WECC_SNV	1
TAZ_3207	Zone_WEC_CALN	1
TAZ_2542	Zone_WEC_CALN	1
TAZ_2520	Zone_WEC_CALN	1
TAZ_2525	Zone_WEC_CALN	1
TAZ_3213	Zone_WEC_CALN	1
TAZ_3257	Zone_WEC_CALN	1
TAZ_2536	Zone_WEC_CALN	1
TAZ_2522	Zone_WEC_CALN	1
TAZ_2403	Zone_WEC_CALN	1
TAZ_2479	Zone_WEC_CALN	1
TAZ_2478	Zone_WEC_CALN	1
TAZ_3202	Zone_WEC_CALN	1
TAZ_2473	Zone_WEC_CALN	1
TAZ_2408	Zone_WEC_CALN	1
TAZ_3233	Zone_WEC_CALN	1
Cavern_20	Zone_WECC_AZ	1
TAZ_2509	Zone_WEC_CALN	1
TAZ_2545	Zone_WEC_CALN	1
TAZ_3206	Zone_WEC_CALN	1
TAZ_3205	Zone_WEC_CALN	1
TAZ_2574	Zone_WEC_CALN	1
TAZ_3130	Zone_WEC_CALN	1
TAZ_2557	Zone_WEC_CALN	1
TAZ_2556	Zone_WEC_CALN	1
TAZ_3127	Zone_WEC_CALN	1
TAZ_2312	Zone_WEC_CALN	1
TAZ_2313	Zone_WEC_CALN	1
TAZ_2546	Zone_WEC_CALN	1
TAZ_1938	Zone_WECC_SF	1
TAZ_3121	Zone_WEC_CALN	1
TAZ_2550	Zone_WEC_CALN	1
TAZ_1937	Zone_WECC_SF	1
TAZ_3016	Zone_WECC_SCE	1
TAZ_1945	Zone_WECC_SF	1
TAZ_3108	Zone_WEC_CALN	1
TAZ_2311	Zone_WEC_CALN	1
TAZ_2308	Zone_WEC_CALN	1
TAZ_1790	Zone_WECC_SF	1
TAZ_2567	Zone_WEC_CALN	1
TAZ_1944	Zone_WECC_SF	1
TAZ_2332	Zone_WEC_CALN	1
TAZ_1814	Zone_WECC_SF	1
TAZ_2204	Zone_WEC_CALN	1
TAZ_1283	Zone_WECC_SF	1
TAZ_2276	Zone_WEC_CALN	1
TAZ_2573	Zone_WEC_CALN	1
TAZ_3014	Zone_WECC_SCE	1
TAZ_1975	Zone_WECC_SF	1
TAZ_1873	Zone_WECC_SF	1
TAZ_1731	Zone_WECC_SF	1
Cavern_12	Zone_WECC_AZ	1
TAZ_1796	Zone_WECC_SF	1
TAZ_2318	Zone_WEC_CALN	1
TAZ_1227	Zone_WECC_SF	1
Cavern_14	Zone_WECC_NM	1
TAZ_6701	Zone_WECC_SF	1
WECC_SF	Zone_WECC_SF	1
TAZ_1614	Zone_WECC_SF	1
TAZ_1686	Zone_WECC_SF	1
TAZ_2114	Zone_WEC_CALN	1
TAZ_2234	Zone_WEC_CALN	1
TAZ_1659	Zone_WECC_SF	1
TAZ_2113	Zone_WEC_CALN	1
TAZ_2202	Zone_WEC_CALN	1
TAZ_1687	Zone_WECC_SF	1
TAZ_1691	Zone_WECC_SF	1
TAZ_1681	Zone_WECC_SF	1
TAZ_3022	Zone_WEC_LADW	1
TAZ_1179	Zone_WECC_SF	1
TAZ_1680	Zone_WECC_SF	1
TAZ_1413	Zone_WECC_SF	1
TAZ_1193	Zone_WECC_SF	1
TAZ_1610	Zone_WECC_SF	1
TAZ_1419	Zone_WECC_SF	1
TAZ_1424	Zone_WECC_SF	1
TAZ_1676	Zone_WECC_SF	1
TAZ_1607	Zone_WECC_SF	1
TAZ_1182	Zone_WECC_SF	1
TAZ_1426	Zone_WECC_SF	1
TAZ_1892	Zone_WECC_SF	1
TAZ_1161	Zone_WECC_SF	1
TAZ_1190	Zone_WECC_SF	1
TAZ_2228	Zone_WEC_CALN	1
TAZ_1371	Zone_WECC_SF	1
TAZ_1408	Zone_WECC_SF	1
TAZ_2105	Zone_WEC_CALN	1
TAZ_1456	Zone_WECC_SF	1
TAZ_1080	Zone_WECC_SF	1
TAZ_1023	Zone_WECC_SF	1
TAZ_1404	Zone_WECC_SF	1
TAZ_1403	Zone_WECC_SF	1
TAZ_1314	Zone_WECC_SF	1
TAZ_1391	Zone_WECC_SF	1
TAZ_2227	Zone_WEC_CALN	1
TAZ_2046	Zone_WEC_CALN	1
TAZ_1365	Zone_WECC_SF	1
TAZ_1310	Zone_WECC_SF	1
TAZ_2022	Zone_WEC_CALN	1
TAZ_1309	Zone_WECC_SF	1
TAZ_1386	Zone_WECC_SF	1
TAZ_2133	Zone_WEC_CALN	1
TAZ_2024	Zone_WEC_CALN	1
TAZ_2021	Zone_WEC_CALN	1
TAZ_1357	Zone_WECC_SF	1
TAZ_1341	Zone_WECC_SF	1
TAZ_2029	Zone_WEC_CALN	1
TAZ_1380	Zone_WECC_SF	1
TAZ_1320	Zone_WECC_SF	1
TAZ_2043	Zone_WEC_CALN	1
TAZ_3028	Zone_WEC_CALN	1
TAZ_1360	Zone_WECC_SF	1
TAZ_3010	Zone_WEC_CALN	1
TAZ_2009	Zone_WEC_CALN	1
TAZ_1399	Zone_WECC_SF	1
TAZ_1352	Zone_WECC_SF	1
TAZ_1362	Zone_WECC_SF	1
TAZ_2011	Zone_WEC_CALN	1
TAZ_902	Zone_WECC_SF	1
TAZ_2149	Zone_WEC_CALN	1
TAZ_900	Zone_WECC_SF	1
TAZ_901	Zone_WECC_SF	1
TAZ_2101	Zone_WEC_CALN	1
TAZ_3012	Zone_WEC_CALN	1
TAZ_866	Zone_WECC_SF	1
TAZ_880	Zone_WECC_SF	1
TAZ_824	Zone_WECC_SF	1
TAZ_909	Zone_WECC_SF	1
TAZ_783	Zone_WECC_SF	1
TAZ_864	Zone_WECC_SF	1
TAZ_862	Zone_WECC_SF	1
TAZ_3021	Zone_WEC_LADW	1
TAZ_906	Zone_WECC_SF	1
TAZ_2117	Zone_WEC_CALN	1
TAZ_3011	Zone_WEC_CALN	1
TAZ_983	Zone_WECC_SF	1
TAZ_821	Zone_WECC_SF	1
TAZ_878	Zone_WECC_SF	1
TAZ_884	Zone_WECC_SF	1
TAZ_851	Zone_WECC_SF	1
TAZ_854	Zone_WECC_SF	1
TAZ_740	Zone_WEC_CALN	1
Cavern_13	Zone_WECC_CO	1
TAZ_847	Zone_WECC_SF	1
TAZ_842	Zone_WECC_SF	1
TAZ_840	Zone_WECC_SF	1
TAZ_3007	Zone_WEC_CALN	1
TAZ_712	Zone_WEC_CALN	1
TAZ_837	Zone_WECC_SF	1
TAZ_720	Zone_WEC_CALN	1
TAZ_719	Zone_WEC_CALN	1
TAZ_3003	Zone_WEC_CALN	1
TAZ_313	Zone_WEC_CALN	1
TAZ_531	Zone_WEC_CALN	1
TAZ_3000	Zone_WEC_CALN	1
TAZ_425	Zone_WEC_CALN	1
TAZ_507	Zone_WEC_CALN	1
TAZ_521	Zone_WEC_CALN	1
TAZ_528	Zone_WEC_CALN	1
TAZ_512	Zone_WEC_CALN	1
TAZ_522	Zone_WEC_CALN	1
TAZ_803	Zone_WECC_SF	1
TAZ_679	Zone_WEC_CALN	1
TAZ_661	Zone_WEC_CALN	1
Cavern_15	Zone_WECC_UT	1
Cavern_24	Zone_WECC_CO	1
TAZ_427	Zone_WEC_CALN	1
TAZ_423	Zone_WEC_CALN	1
TAZ_330	Zone_WEC_CALN	1
TAZ_414	Zone_WEC_CALN	1
TAZ_419	Zone_WEC_CALN	1
TAZ_243	Zone_WEC_CALN	1
TAZ_415	Zone_WEC_CALN	1
TAZ_416	Zone_WEC_CALN	1
TAZ_471	Zone_WEC_CALN	1
TAZ_459	Zone_WEC_CALN	1
TAZ_340	Zone_WEC_CALN	1
TAZ_460	Zone_WEC_CALN	1
TAZ_337	Zone_WEC_CALN	1
TAZ_228	Zone_WEC_CALN	1
TAZ_434	Zone_WEC_CALN	1
Cavern_4	Zone_WECC_CO	1
TAZ_262	Zone_WEC_CALN	1
TAZ_263	Zone_WEC_CALN	1
TAZ_224	Zone_WEC_CALN	1
TAZ_347	Zone_WEC_CALN	1
TAZ_277	Zone_WEC_CALN	1
WECC_UT	Zone_WECC_UT	1
Cavern_7	Zone_WECC_UT	1
TAZ_212	Zone_WEC_CALN	1
WECC_NNV	Zone_WECC_NNV	1
TAZ_219	Zone_WEC_CALN	1
TAZ_210	Zone_WEC_CALN	1
TAZ_202	Zone_WEC_CALN	1
WECC_CO	Zone_WECC_CO	1
TAZ_274	Zone_WEC_CALN	1
WEC_CALN	Zone_WEC_CALN	1
TAZ_281	Zone_WEC_CALN	1
TAZ_127	Zone_WEC_CALN	1
TAZ_282	Zone_WEC_CALN	1
TAZ_126	Zone_WEC_CALN	1
TAZ_124	Zone_WEC_CALN	1
Cavern_8	Zone_WECC_CO	1
TAZ_123	Zone_WEC_CALN	1
TAZ_108	Zone_WEC_CALN	1
TAZ_158	Zone_WEC_CALN	1
TAZ_122	Zone_WEC_CALN	1
TAZ_170	Zone_WEC_CALN	1
TAZ_111	Zone_WEC_CALN	1
TAZ_156	Zone_WEC_CALN	1
Cavern_2	Zone_WECC_CO	1
TAZ_109	Zone_WEC_CALN	1
TAZ_168	Zone_WECC_PNW	1
TAZ_167	Zone_WECC_PNW	1
TAZ_164	Zone_WECC_PNW	1
TAZ_128	Zone_WECC_PNW	1
TAZ_166	Zone_WECC_PNW	1
TAZ_130	Zone_WECC_PNW	1
TAZ_129	Zone_WECC_PNW	1
TAZ_104	Zone_WECC_PNW	1
TAZ_160	Zone_WECC_PNW	1
TAZ_161	Zone_WECC_PNW	1
TAZ_100	Zone_WECC_PNW	1
TAZ_162	Zone_WECC_PNW	1
TAZ_103	Zone_WECC_PNW	1
Cavern_6	Zone_WECC_WY	1
Cavern_10	Zone_WECC_UT	1
Cavern_9	Zone_WECC_ID	1
Cavern_11	Zone_WECC_WY	1
Cavern_3	Zone_WECC_WY	1
WECC_WY	Zone_WECC_WY	1
WECC_ID	Zone_WECC_ID	1
WECC_PNW	Zone_WECC_PNW	1
Cavern_1	Zone_WECC_WY	1
Cavern_0	Zone_WECC_MT	1
WECC_MT	Zone_WECC_MT	1
link_1	Zone_WEC_LADW	1
link_3	Zone_WECC_SCE	1
link_4	Zone_WECC_SCE	1
link_5	Zone_WECC_SCE	1
link_6	Zone_WECC_SCE	1
link_7	Zone_WECC_SCE	1
link_8	Zone_WECC_SCE	1
link_9	Zone_WECC_SCE	1
link_10	Zone_WECC_SCE	0.2
link_10	Zone_WEC_SDGE	0.8
link_11	Zone_WECC_SCE	0.3
link_11	Zone_WEC_SDGE	0.7
link_12	Zone_WEC_SDGE	1
link_13	Zone_WEC_SDGE	1
link_14	Zone_WEC_SDGE	1
link_15	Zone_WECC_SCE	0.7
link_15	Zone_WEC_LADW	0.3
link_17	Zone_WEC_LADW	1
link_18	Zone_WECC_SCE	0.4
link_18	Zone_WEC_LADW	0.6
link_19	Zone_WEC_LADW	1
link_20	Zone_WEC_LADW	1
link_21	Zone_WEC_LADW	1
link_23	Zone_WEC_LADW	1
link_24	Zone_WEC_LADW	1
link_25	Zone_WECC_SCE	0.6
link_25	Zone_WEC_LADW	0.4
link_26	Zone_WECC_SCE	0.6
link_26	Zone_WEC_LADW	0.4
link_27	Zone_WEC_LADW	1
link_28	Zone_WECC_SCE	1
link_29	Zone_WECC_SCE	0.5
link_29	Zone_WEC_LADW	0.5
link_30	Zone_WECC_SCE	1
link_31	Zone_WECC_SCE	1
link_32	Zone_WECC_SCE	1
link_33	Zone_WECC_SCE	1
link_34	Zone_WECC_SCE	1
link_35	Zone_WECC_SCE	1
link_36	Zone_WECC_SCE	1
link_37	Zone_WECC_SCE	1
link_38	Zone_WECC_SCE	1
link_39	Zone_WECC_SCE	1
link_40	Zone_WECC_SCE	0.2
link_40	Zone_WEC_SDGE	0.8
link_41	Zone_WECC_SCE	1
link_42	Zone_WECC_SCE	1
link_43	Zone_WECC_SCE	1
link_44	Zone_WECC_SCE	1
link_45	Zone_WECC_SCE	1
link_46	Zone_WEC_SDGE	1
link_47	Zone_WEC_SDGE	1
link_48	Zone_WECC_SCE	0.3
link_48	Zone_WEC_SDGE	0.7
link_49	Zone_WEC_SDGE	1
link_50	Zone_WEC_SDGE	1
link_51	Zone_WEC_SDGE	1
link_52	Zone_WEC_SDGE	1
link_53	Zone_WEC_SDGE	1
link_54	Zone_WEC_SDGE	1
link_55	Zone_WEC_SDGE	1
link_56	Zone_WECC_SCE	1
link_57	Zone_WECC_SCE	0.3
link_57	Zone_WEC_SDGE	0.7
link_58	Zone_WECC_SCE	0.5
link_58	Zone_WEC_LADW	0.5
link_59	Zone_WECC_SCE	1
link_60	Zone_WECC_SCE	0.4
link_60	Zone_WEC_LADW	0.6
link_61	Zone_WEC_LADW	1
link_62	Zone_WEC_LADW	1
link_63	Zone_WEC_LADW	1
link_64	Zone_WEC_LADW	1
link_65	Zone_WEC_LADW	1
link_66	Zone_WEC_LADW	1
link_67	Zone_WEC_LADW	1
link_68	Zone_WEC_LADW	1
link_69	Zone_WEC_LADW	1
link_70	Zone_WEC_LADW	1
link_71	Zone_WEC_LADW	1
link_72	Zone_WEC_LADW	1
link_73	Zone_WEC_LADW	1
link_74	Zone_WEC_LADW	1
link_75	Zone_WEC_LADW	1
link_76	Zone_WECC_SCE	1
link_77	Zone_WECC_SCE	1
link_78	Zone_WECC_SCE	1
link_79	Zone_WECC_SCE	1
link_80	Zone_WECC_SCE	1
link_81	Zone_WECC_SCE	1
link_82	Zone_WECC_SCE	1
link_83	Zone_WECC_SCE	1
link_84	Zone_WECC_SCE	1
link_85	Zone_WECC_SCE	1
link_86	Zone_WECC_SCE	1
link_87	Zone_WECC_SCE	1
link_88	Zone_WECC_SCE	1
link_89	Zone_WECC_SCE	1
link_90	Zone_WECC_SCE	1
link_91	Zone_WECC_SCE	1
link_92	Zone_WECC_SCE	1
link_93	Zone_WECC_SCE	1
link_94	Zone_WECC_SCE	1
link_95	Zone_WECC_SCE	1
link_96	Zone_WECC_SCE	1
link_97	Zone_WECC_SCE	1
link_98	Zone_WECC_SCE	0.5
link_98	Zone_WEC_LADW	0.5
link_99	Zone_WECC_SCE	1
link_100	Zone_WECC_SCE	1
link_101	Zone_WECC_SCE	0.6
link_101	Zone_WEC_LADW	0.4
link_103	Zone_WECC_SCE	0.8
link_103	Zone_WEC_LADW	0.2
link_104	Zone_WECC_SCE	0.6
link_104	Zone_WEC_LADW	0.4
link_105	Zone_WECC_SCE	1
link_106	Zone_WECC_SCE	1
link_107	Zone_WECC_SCE	1
link_108	Zone_WECC_SCE	0
link_108	Zone_WEC_SDGE	1
link_109	Zone_WECC_SCE	0.2
link_109	Zone_WEC_SDGE	0.8
link_110	Zone_WECC_SCE	1
link_110	Zone_WEC_SDGE	0
link_111	Zone_WECC_SCE	1
link_112	Zone_WECC_SCE	1
link_113	Zone_WECC_SCE	1
link_114	Zone_WECC_SCE	1
link_115	Zone_WECC_SCE	1
link_116	Zone_WECC_SCE	1
link_117	Zone_WECC_SCE	1
link_118	Zone_WECC_SCE	1
link_119	Zone_WECC_SCE	1
link_120	Zone_WECC_SCE	1
link_121	Zone_WECC_SCE	1
link_122	Zone_WECC_SCE	1
link_123	Zone_WECC_SCE	1
link_124	Zone_WECC_SCE	1
link_125	Zone_WECC_SCE	1
link_126	Zone_WEC_SDGE	1
link_127	Zone_WEC_SDGE	1
link_128	Zone_WEC_SDGE	1
link_129	Zone_WEC_SDGE	1
link_131	Zone_WEC_SDGE	1
link_132	Zone_WEC_SDGE	1
link_134	Zone_WEC_SDGE	1
link_138	Zone_WEC_SDGE	1
link_139	Zone_WEC_LADW	1
link_140	Zone_WEC_LADW	1
link_141	Zone_WEC_LADW	1
link_142	Zone_WEC_LADW	1
link_143	Zone_WEC_LADW	1
link_145	Zone_WEC_LADW	1
link_146	Zone_WEC_LADW	1
link_147	Zone_WEC_LADW	1
link_148	Zone_WEC_LADW	1
link_149	Zone_WEC_LADW	1
link_150	Zone_WEC_LADW	1
link_151	Zone_WEC_LADW	1
link_152	Zone_WEC_LADW	1
link_153	Zone_WEC_LADW	1
link_154	Zone_WECC_SCE	1
link_155	Zone_WECC_SCE	1
link_156	Zone_WECC_SCE	1
link_157	Zone_WECC_SCE	1
link_158	Zone_WECC_SCE	1
link_159	Zone_WECC_SCE	1
link_160	Zone_WECC_SCE	1
link_161	Zone_WECC_SCE	1
link_162	Zone_WECC_SCE	1
link_163	Zone_WECC_SCE	1
link_164	Zone_WECC_SCE	1
link_165	Zone_WECC_SCE	1
link_166	Zone_WECC_SCE	1
link_167	Zone_WECC_SCE	1
link_168	Zone_WECC_SCE	1
link_169	Zone_WECC_SCE	1
link_170	Zone_WECC_SCE	1
link_171	Zone_WEC_SDGE	1
link_172	Zone_WEC_SDGE	1
link_173	Zone_WEC_SDGE	1
link_174	Zone_WEC_SDGE	1
link_175	Zone_WEC_SDGE	1
link_176	Zone_WEC_SDGE	1
link_177	Zone_WEC_SDGE	1
link_178	Zone_WEC_SDGE	1
link_179	Zone_WECC_SCE	0.6
link_179	Zone_WEC_SDGE	0.4
link_180	Zone_WECC_SCE	0
link_180	Zone_WEC_SDGE	1
link_181	Zone_WEC_SDGE	1
link_182	Zone_WEC_SDGE	1
link_183	Zone_WEC_SDGE	1
link_184	Zone_WEC_SDGE	1
link_185	Zone_WEC_SDGE	1
link_186	Zone_WEC_SDGE	1
link_187	Zone_WEC_SDGE	1
link_188	Zone_WEC_SDGE	1
link_189	Zone_WEC_SDGE	1
link_193	Zone_WECC_SCE	0.3
link_193	Zone_WEC_LADW	0.7
link_194	Zone_WEC_LADW	1
link_195	Zone_WEC_LADW	1
link_196	Zone_WECC_SCE	0.9
link_196	Zone_WEC_LADW	0.1
link_197	Zone_WECC_SCE	0.6
link_197	Zone_WEC_LADW	0.4
link_198	Zone_WEC_LADW	1
link_199	Zone_WEC_LADW	1
link_200	Zone_WEC_LADW	1
link_201	Zone_WEC_LADW	1
link_202	Zone_WEC_LADW	1
link_203	Zone_WEC_LADW	1
link_204	Zone_WEC_LADW	1
link_205	Zone_WEC_LADW	1
link_206	Zone_WEC_LADW	1
link_207	Zone_WEC_LADW	1
link_208	Zone_WEC_LADW	1
link_209	Zone_WEC_LADW	1
link_210	Zone_WEC_LADW	1
link_211	Zone_WECC_SCE	1
link_212	Zone_WECC_SCE	1
link_213	Zone_WECC_SCE	1
link_214	Zone_WECC_SCE	1
link_215	Zone_WECC_SCE	1
link_216	Zone_WECC_SCE	1
link_217	Zone_WECC_SCE	1
link_218	Zone_WECC_SCE	1
link_219	Zone_WECC_SCE	1
link_220	Zone_WECC_SCE	1
link_221	Zone_WECC_SCE	1
link_222	Zone_WECC_SCE	1
link_223	Zone_WECC_SCE	1
link_224	Zone_WECC_SCE	0.5
link_224	Zone_WEC_SDGE	0.5
link_225	Zone_WECC_SCE	1
link_226	Zone_WECC_SCE	1
link_227	Zone_WECC_SCE	1
link_228	Zone_WECC_SCE	1
link_229	Zone_WECC_SCE	1
link_230	Zone_WECC_SCE	1
link_231	Zone_WECC_SCE	1
link_232	Zone_WEC_SDGE	1
link_233	Zone_WEC_SDGE	1
link_234	Zone_WEC_SDGE	1
link_235	Zone_WEC_SDGE	1
link_236	Zone_WEC_SDGE	1
link_237	Zone_WEC_SDGE	1
link_238	Zone_WEC_SDGE	1
link_239	Zone_WEC_SDGE	1
link_240	Zone_WEC_SDGE	1
link_241	Zone_WEC_SDGE	1
link_242	Zone_WEC_SDGE	1
link_243	Zone_WEC_SDGE	1
link_244	Zone_WEC_SDGE	1
link_245	Zone_WEC_SDGE	1
link_246	Zone_WEC_LADW	1
link_247	Zone_WEC_LADW	1
link_248	Zone_WEC_LADW	1
link_249	Zone_WEC_LADW	1
link_250	Zone_WECC_SCE	0.4
link_250	Zone_WEC_LADW	0.6
link_251	Zone_WEC_LADW	1
link_252	Zone_WEC_LADW	1
link_253	Zone_WEC_LADW	1
link_254	Zone_WEC_LADW	1
link_255	Zone_WEC_LADW	1
link_256	Zone_WEC_LADW	1
link_257	Zone_WEC_LADW	1
link_258	Zone_WEC_LADW	1
link_259	Zone_WEC_LADW	1
link_260	Zone_WEC_LADW	1
link_262	Zone_WECC_SCE	1
link_263	Zone_WECC_SCE	1
link_264	Zone_WECC_SCE	1
link_265	Zone_WECC_SCE	1
link_267	Zone_WECC_SCE	1
link_268	Zone_WECC_SCE	0.1
link_268	Zone_WEC_SDGE	0.9
link_269	Zone_WEC_SDGE	1
link_270	Zone_WEC_SDGE	1
link_271	Zone_WEC_SDGE	1
link_272	Zone_WEC_SDGE	1
link_273	Zone_WECC_SCE	0.3
link_273	Zone_WEC_SDGE	0.7
link_274	Zone_WEC_SDGE	1
link_275	Zone_WEC_SDGE	1
link_276	Zone_WEC_SDGE	1
link_277	Zone_WEC_SDGE	1
link_278	Zone_WEC_SDGE	1
link_279	Zone_WEC_SDGE	1
link_280	Zone_WEC_SDGE	1
link_281	Zone_WEC_SDGE	1
link_282	Zone_WEC_SDGE	1
link_283	Zone_WEC_SDGE	1
link_284	Zone_WEC_SDGE	1
link_285	Zone_WEC_SDGE	1
link_286	Zone_WEC_LADW	1
link_287	Zone_WEC_LADW	1
link_288	Zone_WEC_LADW	1
link_289	Zone_WEC_LADW	1
link_290	Zone_WEC_LADW	1
link_291	Zone_WEC_SDGE	1
link_292	Zone_WEC_SDGE	1
link_293	Zone_WEC_SDGE	1
link_294	Zone_WEC_SDGE	1
link_295	Zone_WEC_SDGE	1
link_296	Zone_WEC_SDGE	1
link_297	Zone_WECC_IID	0.8
link_297	Zone_WECC_SCE	0.2
link_298	Zone_WECC_SCE	1
link_299	Zone_WECC_SCE	1
link_300	Zone_WECC_IID	1
link_301	Zone_WECC_IID	0.4
link_301	Zone_WEC_SDGE	0.6
link_302	Zone_WECC_SCE	1
link_303	Zone_WECC_SCE	1
link_304	Zone_WECC_SCE	1
link_305	Zone_WECC_IID	0.5
link_305	Zone_WECC_SCE	0.5
link_306	Zone_WECC_SCE	1
link_307	Zone_WECC_SCE	1
link_308	Zone_WECC_SCE	1
link_309	Zone_WECC_SCE	1
link_310	Zone_WECC_SCE	1
link_311	Zone_WECC_SCE	1
link_312	Zone_WECC_SCE	1
link_313	Zone_WECC_IID	1
link_314	Zone_WECC_IID	1
link_315	Zone_WECC_IID	1
link_316	Zone_WECC_IID	1
link_317	Zone_WECC_IID	0.6
link_317	Zone_WEC_SDGE	0.4
link_318	Zone_WECC_IID	0.4
link_318	Zone_WEC_SDGE	0.6
link_319	Zone_WECC_IID	1
link_320	Zone_WECC_IID	1
link_321	Zone_WECC_SCE	1
link_322	Zone_WECC_SCE	1
link_323	Zone_WECC_SCE	1
link_324	Zone_WECC_SCE	1
link_325	Zone_WECC_SCE	1
link_326	Zone_WECC_SCE	1
link_327	Zone_WECC_SCE	1
link_328	Zone_WECC_SCE	1
link_329	Zone_WECC_IID	1
link_330	Zone_WECC_IID	0.3
link_330	Zone_WECC_SCE	0.7
link_331	Zone_WECC_IID	0.4
link_331	Zone_WECC_SCE	0.6
link_332	Zone_WECC_IID	0.4
link_332	Zone_WECC_SCE	0.6
link_333	Zone_WECC_IID	1
link_334	Zone_WECC_IID	1
link_335	Zone_WECC_IID	1
link_336	Zone_WECC_IID	1
link_337	Zone_WECC_IID	1
link_338	Zone_WECC_IID	1
link_339	Zone_WECC_IID	1
link_340	Zone_WECC_IID	1
link_341	Zone_WECC_IID	1
link_342	Zone_WECC_IID	1
link_343	Zone_WECC_IID	1
link_344	Zone_WECC_IID	1
link_345	Zone_WECC_IID	1
link_346	Zone_WECC_IID	1
link_347	Zone_WECC_IID	1
link_348	Zone_WECC_IID	1
link_349	Zone_WECC_IID	1
link_350	Zone_WECC_IID	1
link_351	Zone_WECC_IID	1
link_352	Zone_WECC_IID	1
link_353	Zone_WECC_IID	1
link_354	Zone_WECC_IID	1
link_355	Zone_WECC_IID	1
link_356	Zone_WECC_IID	1
link_357	Zone_WECC_IID	0.5
link_357	Zone_WEC_SDGE	0.5
link_358	Zone_WECC_IID	0.3
link_358	Zone_WEC_SDGE	0.7
link_359	Zone_WECC_IID	1
link_360	Zone_WECC_IID	1
link_361	Zone_WECC_IID	1
link_362	Zone_WECC_IID	0.5
link_362	Zone_WECC_SCE	0.2
link_362	Zone_WEC_SDGE	0.3
link_363	Zone_WECC_IID	0.5
link_363	Zone_WEC_SDGE	0.5
link_364	Zone_WECC_IID	1
link_365	Zone_WECC_IID	0.5
link_365	Zone_WECC_SCE	0.5
link_366	Zone_WECC_IID	1
link_367	Zone_WECC_IID	1
link_368	Zone_WECC_IID	1
link_369	Zone_WECC_IID	1
link_370	Zone_WECC_IID	0.6
link_370	Zone_WECC_SCE	0.4
link_371	Zone_WECC_IID	1
link_372	Zone_WECC_IID	1
link_373	Zone_WECC_IID	1
link_374	Zone_WECC_AZ	0.8
link_374	Zone_WECC_SCE	0.2
link_375	Zone_WECC_AZ	0.9
link_375	Zone_WECC_IID	0.1
link_376	Zone_WECC_AZ	1
link_376	Zone_WECC_SCE	0
link_377	Zone_WECC_AZ	1
link_377	Zone_WECC_SCE	0
link_378	Zone_WECC_AZ	0.7
link_378	Zone_WECC_IID	0.3
link_379	Zone_WECC_AZ	1
link_380	Zone_WECC_AZ	1
link_381	Zone_WECC_AZ	1
link_382	Zone_WECC_AZ	0.9
link_382	Zone_WECC_NM	0.1
link_383	Zone_WECC_NM	1
link_384	Zone_WECC_AZ	0.6
link_384	Zone_WECC_NM	0.4
link_385	Zone_WECC_AZ	0.5
link_385	Zone_WECC_IID	0.1
link_385	Zone_WECC_NM	0.4
link_386	Zone_WECC_AZ	0.5
link_386	Zone_WECC_IID	0.1
link_386	Zone_WECC_NM	0.4
link_387	Zone_WECC_AZ	0.5
link_387	Zone_WECC_NM	0.5
link_388	Zone_WECC_NM	1
link_389	Zone_WECC_NM	1
link_390	Zone_WECC_CO	0.2
link_390	Zone_WECC_NM	0.8
link_391	Zone_WECC_CO	0.2
link_391	Zone_WECC_NM	0.8
link_392	Zone_WECC_AZ	1
link_393	Zone_WECC_AZ	1
link_394	Zone_WECC_AZ	0.2
link_394	Zone_WECC_NM	0.8
link_395	Zone_WECC_AZ	0.1
link_395	Zone_WECC_CO	0.8
link_395	Zone_WECC_UT	0.1
link_396	Zone_WECC_NM	1
link_397	Zone_WECC_NM	1
link_398	Zone_WECC_AZ	0.2
link_398	Zone_WECC_NM	0.8
link_399	Zone_WECC_CO	0.9
link_399	Zone_WECC_NM	0.1
link_400	Zone_WECC_SCE	1
link_401	Zone_WECC_SCE	1
link_402	Zone_WECC_SCE	1
link_403	Zone_WECC_SCE	1
link_404	Zone_WECC_SCE	1
link_405	Zone_WECC_SCE	1
link_406	Zone_WECC_SCE	1
link_407	Zone_WECC_SCE	1
link_408	Zone_WECC_SCE	0.4
link_408	Zone_WECC_SNV	0.6
link_409	Zone_WECC_AZ	1
link_410	Zone_WECC_AZ	1
link_411	Zone_WECC_SNV	1
link_412	Zone_WECC_AZ	0.4
link_412	Zone_WECC_SNV	0.6
link_413	Zone_WECC_AZ	0.3
link_413	Zone_WECC_SCE	0.5
link_413	Zone_WECC_SNV	0.2
link_414	Zone_WECC_AZ	1
link_415	Zone_WECC_AZ	1
link_416	Zone_WECC_AZ	0.8
link_416	Zone_WECC_SNV	0.2
link_417	Zone_WECC_AZ	0.7
link_417	Zone_WECC_SNV	0.3
link_418	Zone_WECC_SCE	0.5
link_418	Zone_WECC_SNV	0.5
link_419	Zone_WECC_SCE	0.6
link_419	Zone_WECC_SNV	0.4
link_420	Zone_WECC_SCE	0.5
link_420	Zone_WECC_SNV	0.5
link_421	Zone_WECC_SNV	1
link_422	Zone_WECC_AZ	0.6
link_422	Zone_WECC_SNV	0.4
link_423	Zone_WECC_AZ	0.8
link_423	Zone_WECC_SNV	0.2
link_424	Zone_WEC_CALN	1
link_425	Zone_WEC_CALN	1
link_426	Zone_WEC_CALN	1
link_427	Zone_WEC_CALN	1
link_428	Zone_WEC_CALN	1
link_429	Zone_WECC_SCE	1
link_430	Zone_WECC_SCE	1
link_431	Zone_WECC_SCE	0.8
link_431	Zone_WEC_LADW	0.2
link_432	Zone_WECC_SCE	1
link_433	Zone_WECC_SCE	0.3
link_433	Zone_WEC_CALN	0.7
link_434	Zone_WECC_SCE	1
link_434	Zone_WEC_CALN	0
link_435	Zone_WECC_SCE	1
link_436	Zone_WECC_SCE	1
link_437	Zone_WEC_CALN	1
link_438	Zone_WECC_SCE	0.1
link_438	Zone_WEC_CALN	0.9
link_439	Zone_WECC_SCE	0.6
link_439	Zone_WEC_CALN	0.4
link_440	Zone_WECC_SCE	0.9
link_440	Zone_WEC_CALN	0.1
link_441	Zone_WEC_CALN	1
link_442	Zone_WECC_SCE	1
link_443	Zone_WECC_SCE	1
link_444	Zone_WECC_SCE	1
link_445	Zone_WECC_SCE	1
link_446	Zone_WECC_SCE	1
link_447	Zone_WECC_SCE	1
link_448	Zone_WECC_SCE	1
link_449	Zone_WECC_SCE	1
link_450	Zone_WEC_CALN	1
link_451	Zone_WEC_CALN	1
link_452	Zone_WEC_CALN	1
link_453	Zone_WEC_CALN	1
link_454	Zone_WEC_CALN	1
link_455	Zone_WEC_CALN	1
link_456	Zone_WEC_CALN	1
link_457	Zone_WECC_SCE	0.2
link_457	Zone_WEC_CALN	0.5
link_457	Zone_WEC_LADW	0.3
link_458	Zone_WEC_CALN	1
link_459	Zone_WEC_CALN	1
link_460	Zone_WEC_CALN	1
link_461	Zone_WECC_SCE	1
link_462	Zone_WECC_SCE	0.7
link_462	Zone_WEC_CALN	0.3
link_463	Zone_WECC_SCE	1
link_464	Zone_WECC_SCE	0.9
link_464	Zone_WEC_CALN	0.1
link_465	Zone_WECC_SCE	1
link_466	Zone_WECC_SCE	0.4
link_466	Zone_WEC_LADW	0.6
link_467	Zone_WECC_SCE	1
link_468	Zone_WECC_SCE	1
link_469	Zone_WECC_SCE	1
link_470	Zone_WECC_SCE	1
link_471	Zone_WECC_SCE	1
link_472	Zone_WECC_SCE	1
link_473	Zone_WECC_SCE	1
link_474	Zone_WECC_SCE	1
link_475	Zone_WECC_SCE	1
link_476	Zone_WECC_NNV	0.2
link_476	Zone_WECC_SCE	0.4
link_476	Zone_WECC_SNV	0.4
link_477	Zone_WECC_SCE	1
link_478	Zone_WECC_SCE	1
link_479	Zone_WECC_SCE	1
link_480	Zone_WECC_SCE	1
link_481	Zone_WECC_SCE	1
link_482	Zone_WEC_LADW	1
link_483	Zone_WEC_LADW	1
link_484	Zone_WEC_LADW	1
link_485	Zone_WECC_SCE	0.4
link_485	Zone_WEC_LADW	0.6
link_486	Zone_WECC_SCE	0.7
link_486	Zone_WEC_LADW	0.3
link_487	Zone_WECC_SCE	0.7
link_487	Zone_WEC_LADW	0.3
link_488	Zone_WEC_CALN	1
link_489	Zone_WEC_CALN	1
link_490	Zone_WEC_CALN	1
link_491	Zone_WEC_CALN	1
link_492	Zone_WEC_CALN	1
link_493	Zone_WEC_CALN	1
link_494	Zone_WEC_CALN	1
link_495	Zone_WEC_CALN	1
link_496	Zone_WEC_CALN	1
link_497	Zone_WEC_CALN	1
link_498	Zone_WEC_CALN	1
link_499	Zone_WEC_CALN	1
link_500	Zone_WEC_CALN	1
link_501	Zone_WEC_CALN	1
link_502	Zone_WECC_SCE	1
link_503	Zone_WECC_SCE	1
link_504	Zone_WECC_SCE	1
link_505	Zone_WECC_SCE	1
link_506	Zone_WECC_SCE	1
link_507	Zone_WECC_SCE	1
link_508	Zone_WECC_SCE	0.5
link_508	Zone_WEC_CALN	0.5
link_509	Zone_WEC_CALN	1
link_510	Zone_WEC_CALN	1
link_511	Zone_WECC_SCE	0.6
link_511	Zone_WEC_CALN	0.4
link_512	Zone_WECC_SCE	1
link_513	Zone_WECC_SCE	1
link_514	Zone_WECC_SCE	1
link_515	Zone_WEC_CALN	1
link_516	Zone_WEC_CALN	1
link_517	Zone_WEC_CALN	1
link_518	Zone_WEC_CALN	1
link_519	Zone_WEC_CALN	1
link_520	Zone_WEC_CALN	1
link_521	Zone_WEC_CALN	1
link_522	Zone_WEC_CALN	1
link_523	Zone_WEC_CALN	1
link_524	Zone_WEC_CALN	1
link_525	Zone_WEC_CALN	1
link_526	Zone_WEC_CALN	0.6
link_526	Zone_WEC_LADW	0.4
link_527	Zone_WEC_CALN	1
link_528	Zone_WEC_CALN	1
link_529	Zone_WECC_SCE	0.9
link_529	Zone_WEC_CALN	0.1
link_530	Zone_WECC_SCE	1
link_531	Zone_WECC_SCE	1
link_532	Zone_WECC_SCE	1
link_533	Zone_WECC_SCE	1
link_534	Zone_WECC_SCE	1
link_535	Zone_WECC_SCE	0.9
link_535	Zone_WEC_CALN	0.1
link_536	Zone_WECC_SCE	1
link_537	Zone_WECC_SCE	1
link_538	Zone_WECC_SCE	1
link_539	Zone_WECC_SCE	1
link_540	Zone_WECC_SCE	1
link_541	Zone_WECC_SCE	1
link_542	Zone_WECC_SCE	1
link_543	Zone_WECC_SCE	1
link_544	Zone_WECC_SCE	1
link_545	Zone_WECC_SCE	1
link_546	Zone_WECC_SCE	1
link_547	Zone_WECC_SCE	1
link_548	Zone_WECC_SCE	1
link_549	Zone_WECC_SCE	1
link_550	Zone_WECC_SCE	1
link_551	Zone_WECC_SCE	1
link_552	Zone_WECC_SCE	1
link_553	Zone_WECC_SCE	1
link_554	Zone_WECC_SCE	0.6
link_554	Zone_WEC_CALN	0.4
link_555	Zone_WECC_SCE	1
link_556	Zone_WECC_SCE	0.3
link_556	Zone_WEC_CALN	0.7
link_557	Zone_WECC_SCE	1
link_558	Zone_WEC_CALN	1
link_559	Zone_WEC_CALN	1
link_560	Zone_WEC_CALN	1
link_561	Zone_WEC_CALN	1
link_562	Zone_WEC_CALN	1
link_563	Zone_WEC_CALN	1
link_564	Zone_WEC_CALN	1
link_565	Zone_WEC_LADW	1
link_566	Zone_WECC_SCE	0.4
link_566	Zone_WEC_LADW	0.6
link_567	Zone_WEC_LADW	1
link_568	Zone_WECC_SCE	0.9
link_568	Zone_WEC_LADW	0.1
link_569	Zone_WEC_LADW	1
link_570	Zone_WEC_LADW	1
link_571	Zone_WEC_LADW	1
link_572	Zone_WECC_SCE	0.5
link_572	Zone_WEC_LADW	0.5
link_573	Zone_WEC_LADW	1
link_574	Zone_WECC_SCE	0.4
link_574	Zone_WEC_LADW	0.6
link_575	Zone_WECC_SCE	1
link_576	Zone_WECC_SCE	1
link_577	Zone_WECC_SCE	1
link_578	Zone_WECC_SCE	1
link_579	Zone_WECC_SCE	1
link_580	Zone_WECC_SCE	1
link_581	Zone_WECC_SCE	1
link_582	Zone_WECC_SCE	1
link_583	Zone_WEC_CALN	1
link_584	Zone_WEC_CALN	1
link_585	Zone_WEC_CALN	1
link_586	Zone_WEC_CALN	1
link_587	Zone_WEC_CALN	1
link_588	Zone_WEC_CALN	1
link_589	Zone_WEC_CALN	1
link_590	Zone_WEC_CALN	1
link_591	Zone_WEC_CALN	1
link_592	Zone_WEC_CALN	1
link_593	Zone_WEC_CALN	1
link_594	Zone_WEC_CALN	1
link_595	Zone_WEC_CALN	1
link_596	Zone_WEC_CALN	1
link_597	Zone_WECC_SCE	0.1
link_597	Zone_WEC_CALN	0.9
link_598	Zone_WECC_SCE	0.9
link_598	Zone_WEC_CALN	0.1
link_599	Zone_WEC_CALN	1
link_600	Zone_WEC_CALN	1
link_601	Zone_WEC_CALN	1
link_602	Zone_WEC_CALN	1
link_603	Zone_WEC_CALN	1
link_604	Zone_WEC_CALN	1
link_605	Zone_WEC_CALN	1
link_606	Zone_WEC_CALN	1
link_607	Zone_WEC_CALN	1
link_608	Zone_WEC_CALN	1
link_609	Zone_WEC_CALN	1
link_610	Zone_WEC_CALN	1
link_611	Zone_WEC_CALN	1
link_612	Zone_WEC_CALN	1
link_613	Zone_WEC_CALN	1
link_614	Zone_WEC_CALN	1
link_615	Zone_WECC_SCE	0.4
link_615	Zone_WEC_CALN	0.6
link_616	Zone_WECC_SCE	0.5
link_616	Zone_WEC_CALN	0.5
link_617	Zone_WECC_SCE	1
link_618	Zone_WECC_SCE	1
link_619	Zone_WECC_SCE	1
link_620	Zone_WECC_SCE	1
link_621	Zone_WECC_SCE	1
link_622	Zone_WECC_SCE	1
link_623	Zone_WECC_SCE	1
link_624	Zone_WECC_SCE	1
link_625	Zone_WECC_SCE	1
link_626	Zone_WECC_SCE	1
link_627	Zone_WECC_SCE	1
link_628	Zone_WECC_SCE	0.1
link_628	Zone_WEC_LADW	0.9
link_629	Zone_WECC_SCE	0.3
link_629	Zone_WEC_LADW	0.7
link_630	Zone_WECC_SCE	1
link_631	Zone_WECC_SCE	1
link_632	Zone_WECC_SCE	1
link_633	Zone_WECC_SCE	0.6
link_633	Zone_WEC_LADW	0.4
link_634	Zone_WECC_SCE	0.8
link_634	Zone_WEC_LADW	0.2
link_635	Zone_WECC_SCE	1
link_636	Zone_WECC_SCE	0.4
link_636	Zone_WEC_CALN	0.6
link_637	Zone_WEC_CALN	1
link_638	Zone_WEC_CALN	1
link_639	Zone_WEC_CALN	1
link_640	Zone_WEC_CALN	1
link_641	Zone_WEC_CALN	1
link_642	Zone_WEC_CALN	1
link_643	Zone_WEC_CALN	1
link_644	Zone_WEC_CALN	1
link_645	Zone_WEC_CALN	1
link_646	Zone_WEC_CALN	1
link_647	Zone_WEC_CALN	1
link_648	Zone_WEC_CALN	1
link_649	Zone_WECC_SCE	0.3
link_649	Zone_WEC_CALN	0.7
link_650	Zone_WEC_CALN	1
link_651	Zone_WECC_SCE	0.8
link_651	Zone_WEC_CALN	0.2
link_652	Zone_WECC_SCE	0.1
link_652	Zone_WEC_CALN	0.9
link_653	Zone_WEC_CALN	1
link_654	Zone_WEC_CALN	1
link_655	Zone_WECC_SCE	0.8
link_655	Zone_WEC_CALN	0.2
link_656	Zone_WECC_SCE	0.7
link_656	Zone_WEC_CALN	0.3
link_657	Zone_WEC_CALN	1
link_658	Zone_WEC_CALN	1
link_659	Zone_WECC_SCE	0.9
link_659	Zone_WEC_CALN	0.1
link_660	Zone_WECC_SCE	1
link_661	Zone_WECC_SCE	1
link_662	Zone_WECC_SCE	1
link_663	Zone_WECC_SCE	1
link_664	Zone_WECC_SCE	1
link_665	Zone_WECC_SCE	1
link_666	Zone_WECC_SCE	1
link_667	Zone_WECC_SCE	1
link_668	Zone_WECC_SCE	1
link_669	Zone_WECC_SCE	1
link_670	Zone_WECC_SCE	1
link_671	Zone_WECC_SCE	1
link_672	Zone_WECC_SCE	1
link_673	Zone_WECC_SCE	1
link_674	Zone_WECC_SCE	1
link_675	Zone_WECC_SCE	1
link_676	Zone_WECC_SCE	1
link_677	Zone_WECC_SCE	1
link_678	Zone_WECC_SCE	1
link_679	Zone_WECC_SCE	0.4
link_679	Zone_WEC_LADW	0.6
link_680	Zone_WECC_SCE	0.4
link_680	Zone_WEC_CALN	0.6
link_681	Zone_WECC_SCE	1
link_682	Zone_WECC_SCE	0.3
link_682	Zone_WEC_CALN	0.7
link_683	Zone_WECC_SCE	1
link_684	Zone_WECC_SCE	1
link_685	Zone_WECC_SCE	0.8
link_685	Zone_WEC_CALN	0.2
link_686	Zone_WECC_SCE	1
link_687	Zone_WEC_CALN	1
link_688	Zone_WEC_CALN	1
link_689	Zone_WEC_CALN	1
link_690	Zone_WEC_CALN	1
link_691	Zone_WEC_CALN	1
link_692	Zone_WEC_CALN	1
link_693	Zone_WEC_CALN	1
link_694	Zone_WEC_CALN	1
link_695	Zone_WEC_CALN	1
link_696	Zone_WEC_CALN	1
link_697	Zone_WEC_CALN	1
link_698	Zone_WEC_CALN	1
link_699	Zone_WEC_CALN	1
link_700	Zone_WEC_CALN	1
link_701	Zone_WECC_SCE	1
link_702	Zone_WECC_SCE	0.4
link_702	Zone_WEC_CALN	0.6
link_703	Zone_WECC_SCE	0.9
link_703	Zone_WEC_CALN	0.1
link_704	Zone_WECC_SCE	0.1
link_704	Zone_WEC_CALN	0.9
link_705	Zone_WECC_SCE	1
link_706	Zone_WECC_SCE	1
link_707	Zone_WECC_SCE	1
link_708	Zone_WECC_SCE	1
link_709	Zone_WECC_SCE	1
link_710	Zone_WECC_SCE	1
link_711	Zone_WECC_SCE	1
link_712	Zone_WECC_SCE	1
link_713	Zone_WECC_SCE	1
link_714	Zone_WECC_SCE	1
link_715	Zone_WECC_SF	1
link_716	Zone_WECC_SF	1
link_717	Zone_WECC_SF	1
link_718	Zone_WECC_SF	1
link_719	Zone_WEC_CALN	1
link_720	Zone_WEC_CALN	1
link_721	Zone_WECC_SF	0.5
link_721	Zone_WEC_CALN	0.5
link_722	Zone_WEC_CALN	1
link_723	Zone_WEC_CALN	1
link_724	Zone_WEC_CALN	1
link_725	Zone_WEC_CALN	1
link_726	Zone_WECC_SF	1
link_727	Zone_WECC_SF	1
link_728	Zone_WECC_SF	1
link_729	Zone_WECC_SF	0.6
link_729	Zone_WEC_CALN	0.4
link_730	Zone_WECC_SF	1
link_731	Zone_WEC_CALN	1
link_732	Zone_WEC_CALN	1
link_733	Zone_WEC_CALN	1
link_734	Zone_WEC_CALN	1
link_735	Zone_WEC_CALN	1
link_736	Zone_WEC_CALN	1
link_738	Zone_WEC_CALN	1
link_739	Zone_WEC_CALN	1
link_740	Zone_WECC_SF	1
link_741	Zone_WECC_SF	1
link_742	Zone_WECC_SF	1
link_743	Zone_WECC_SF	1
link_744	Zone_WECC_SF	1
link_745	Zone_WECC_SF	1
link_746	Zone_WECC_SF	1
link_748	Zone_WECC_SF	1
link_749	Zone_WECC_SF	1
link_750	Zone_WECC_SF	1
link_751	Zone_WECC_SF	1
link_752	Zone_WECC_SF	1
link_753	Zone_WECC_SF	1
link_754	Zone_WECC_SF	1
link_755	Zone_WECC_SF	1
link_756	Zone_WECC_SF	1
link_757	Zone_WECC_SF	1
link_758	Zone_WECC_SF	1
link_759	Zone_WECC_SF	1
link_760	Zone_WECC_SF	1
link_762	Zone_WECC_SF	1
link_764	Zone_WECC_SF	1
link_765	Zone_WECC_SF	1
link_766	Zone_WECC_SF	1
link_767	Zone_WECC_SF	1
link_768	Zone_WECC_SF	0.4
link_768	Zone_WEC_CALN	0.6
link_769	Zone_WECC_SF	1
link_770	Zone_WEC_CALN	1
link_771	Zone_WEC_CALN	1
link_772	Zone_WEC_CALN	1
link_773	Zone_WEC_CALN	1
link_774	Zone_WEC_CALN	1
link_775	Zone_WEC_CALN	1
link_776	Zone_WECC_SF	0.5
link_776	Zone_WEC_CALN	0.5
link_777	Zone_WECC_SF	1
link_778	Zone_WECC_SF	1
link_779	Zone_WECC_SF	1
link_780	Zone_WECC_SF	1
link_782	Zone_WECC_SF	1
link_783	Zone_WECC_SF	1
link_784	Zone_WECC_SF	1
link_785	Zone_WECC_SF	0.3
link_785	Zone_WEC_CALN	0.7
link_786	Zone_WECC_SF	1
link_787	Zone_WECC_SF	1
link_788	Zone_WECC_SF	1
link_789	Zone_WECC_SF	1
link_790	Zone_WECC_SF	1
link_791	Zone_WECC_SF	1
link_792	Zone_WECC_SF	1
link_793	Zone_WECC_SF	1
link_795	Zone_WECC_SF	1
link_796	Zone_WECC_SF	1
link_797	Zone_WECC_SF	1
link_798	Zone_WEC_CALN	1
link_799	Zone_WEC_CALN	1
link_800	Zone_WEC_CALN	1
link_801	Zone_WEC_CALN	1
link_802	Zone_WEC_CALN	1
link_803	Zone_WEC_CALN	1
link_804	Zone_WECC_SF	0.3
link_804	Zone_WEC_CALN	0.7
link_805	Zone_WEC_CALN	1
link_806	Zone_WEC_CALN	1
link_807	Zone_WEC_CALN	1
link_808	Zone_WEC_CALN	1
link_809	Zone_WEC_CALN	1
link_810	Zone_WECC_SF	0.2
link_810	Zone_WEC_CALN	0.8
link_811	Zone_WECC_SF	0.6
link_811	Zone_WEC_CALN	0.4
link_812	Zone_WECC_SF	0.7
link_812	Zone_WEC_CALN	0.3
link_813	Zone_WECC_SF	0.7
link_813	Zone_WEC_CALN	0.3
link_814	Zone_WECC_SF	0.5
link_814	Zone_WEC_CALN	0.5
link_815	Zone_WEC_CALN	1
link_816	Zone_WECC_SF	0.3
link_816	Zone_WEC_CALN	0.7
link_817	Zone_WEC_CALN	1
link_818	Zone_WECC_SF	0.5
link_818	Zone_WEC_CALN	0.5
link_819	Zone_WECC_SF	0.4
link_819	Zone_WEC_CALN	0.6
link_820	Zone_WEC_CALN	1
link_821	Zone_WEC_CALN	1
link_822	Zone_WEC_CALN	1
link_823	Zone_WEC_CALN	1
link_824	Zone_WECC_SF	1
link_825	Zone_WECC_SF	1
link_827	Zone_WECC_SF	1
link_828	Zone_WECC_SF	1
link_829	Zone_WECC_SF	1
link_830	Zone_WECC_SF	1
link_831	Zone_WECC_SF	1
link_832	Zone_WECC_SF	1
link_833	Zone_WECC_SF	1
link_834	Zone_WECC_SF	1
link_835	Zone_WECC_SF	1
link_836	Zone_WECC_SF	1
link_837	Zone_WECC_SF	1
link_838	Zone_WECC_SF	1
link_841	Zone_WECC_SF	1
link_842	Zone_WECC_SF	1
link_843	Zone_WECC_SF	1
link_844	Zone_WECC_SF	1
link_845	Zone_WECC_SF	1
link_846	Zone_WECC_SF	1
link_847	Zone_WECC_SF	1
link_848	Zone_WECC_SF	1
link_849	Zone_WECC_SF	1
link_850	Zone_WECC_SF	1
link_851	Zone_WECC_SF	1
link_852	Zone_WECC_SF	1
link_853	Zone_WECC_SF	1
link_854	Zone_WECC_SF	0.4
link_854	Zone_WEC_CALN	0.6
link_855	Zone_WECC_SF	0.6
link_855	Zone_WEC_CALN	0.4
link_856	Zone_WEC_CALN	1
link_857	Zone_WEC_CALN	1
link_858	Zone_WEC_CALN	1
link_859	Zone_WEC_CALN	1
link_860	Zone_WECC_SF	0.1
link_860	Zone_WEC_CALN	0.9
link_861	Zone_WEC_CALN	1
link_862	Zone_WEC_CALN	1
link_863	Zone_WEC_CALN	1
link_864	Zone_WECC_SF	0.5
link_864	Zone_WEC_CALN	0.5
link_865	Zone_WEC_CALN	1
link_866	Zone_WEC_CALN	1
link_868	Zone_WEC_CALN	1
link_869	Zone_WEC_CALN	1
link_870	Zone_WEC_CALN	1
link_875	Zone_WECC_SF	1
link_876	Zone_WECC_SF	1
link_877	Zone_WECC_SF	1
link_878	Zone_WECC_SF	1
link_879	Zone_WECC_SF	1
link_880	Zone_WECC_SF	1
link_881	Zone_WECC_SF	1
link_882	Zone_WECC_SF	0.4
link_882	Zone_WEC_CALN	0.6
link_883	Zone_WECC_SF	1
link_884	Zone_WECC_SF	1
link_885	Zone_WECC_SF	1
link_886	Zone_WECC_SF	1
link_888	Zone_WECC_SF	1
link_889	Zone_WECC_SF	1
link_890	Zone_WECC_SF	1
link_891	Zone_WECC_SF	1
link_892	Zone_WECC_SF	1
link_893	Zone_WECC_SF	1
link_894	Zone_WECC_SF	1
link_895	Zone_WECC_SF	1
link_896	Zone_WECC_SF	1
link_897	Zone_WECC_SF	1
link_898	Zone_WECC_SF	1
link_899	Zone_WECC_SF	1
link_900	Zone_WECC_SF	1
link_901	Zone_WECC_SF	1
link_902	Zone_WECC_SF	1
link_903	Zone_WECC_SF	1
link_904	Zone_WECC_SF	1
link_905	Zone_WECC_SF	1
link_906	Zone_WECC_SF	1
link_907	Zone_WECC_SF	1
link_908	Zone_WECC_SF	1
link_909	Zone_WECC_SF	1
link_910	Zone_WECC_SF	1
link_911	Zone_WECC_SF	1
link_912	Zone_WECC_SF	1
link_913	Zone_WECC_SF	1
link_914	Zone_WECC_SF	1
link_915	Zone_WECC_SF	1
link_916	Zone_WECC_SF	1
link_917	Zone_WECC_SF	1
link_918	Zone_WECC_SF	1
link_919	Zone_WECC_SF	1
link_920	Zone_WECC_SF	1
link_921	Zone_WECC_SF	0.6
link_921	Zone_WEC_CALN	0.4
link_922	Zone_WECC_SF	1
link_923	Zone_WECC_SF	1
link_924	Zone_WECC_SF	0.6
link_924	Zone_WEC_CALN	0.4
link_925	Zone_WECC_SF	0.3
link_925	Zone_WEC_CALN	0.7
link_926	Zone_WECC_SF	1
link_927	Zone_WECC_SF	1
link_928	Zone_WEC_CALN	1
link_929	Zone_WEC_CALN	1
link_930	Zone_WEC_CALN	1
link_931	Zone_WEC_CALN	1
link_932	Zone_WEC_CALN	1
link_933	Zone_WEC_CALN	1
link_934	Zone_WEC_CALN	1
link_935	Zone_WEC_CALN	1
link_936	Zone_WEC_CALN	1
link_937	Zone_WEC_CALN	1
link_938	Zone_WEC_CALN	1
link_939	Zone_WECC_SF	0.3
link_939	Zone_WEC_CALN	0.7
link_941	Zone_WEC_CALN	1
link_942	Zone_WEC_CALN	1
link_944	Zone_WECC_SF	0.3
link_944	Zone_WEC_CALN	0.7
link_945	Zone_WECC_SF	1
link_946	Zone_WECC_SF	1
link_947	Zone_WECC_SF	1
link_948	Zone_WECC_SF	1
link_949	Zone_WECC_SF	0.7
link_949	Zone_WEC_CALN	0.3
link_950	Zone_WECC_SF	1
link_951	Zone_WEC_CALN	1
link_952	Zone_WEC_CALN	1
link_953	Zone_WEC_CALN	1
link_954	Zone_WEC_CALN	1
link_955	Zone_WECC_SF	0.4
link_955	Zone_WEC_CALN	0.6
link_956	Zone_WECC_SF	1
link_957	Zone_WECC_SF	0.6
link_957	Zone_WEC_CALN	0.4
link_958	Zone_WECC_SF	1
link_962	Zone_WECC_SF	1
link_963	Zone_WECC_SF	1
link_964	Zone_WECC_SF	1
link_965	Zone_WEC_CALN	1
link_966	Zone_WECC_SF	0.2
link_966	Zone_WEC_CALN	0.8
link_967	Zone_WEC_CALN	1
link_968	Zone_WEC_CALN	1
link_969	Zone_WECC_SF	0.3
link_969	Zone_WEC_CALN	0.7
link_970	Zone_WECC_PNW	0.6
link_970	Zone_WEC_CALN	0.4
link_971	Zone_WEC_CALN	1
link_972	Zone_WEC_CALN	1
link_973	Zone_WEC_CALN	1
link_974	Zone_WEC_CALN	1
link_975	Zone_WEC_CALN	1
link_976	Zone_WEC_CALN	1
link_977	Zone_WECC_SF	0.6
link_977	Zone_WEC_CALN	0.4
link_978	Zone_WEC_CALN	1
link_979	Zone_WEC_CALN	1
link_980	Zone_WECC_SF	0.2
link_980	Zone_WEC_CALN	0.8
link_981	Zone_WEC_CALN	1
link_982	Zone_WEC_CALN	1
link_983	Zone_WECC_SF	1
link_984	Zone_WECC_SF	1
link_985	Zone_WECC_SF	1
link_986	Zone_WECC_SF	1
link_987	Zone_WECC_SF	1
link_988	Zone_WECC_SF	1
link_989	Zone_WECC_PNW	1
link_990	Zone_WECC_PNW	1
link_991	Zone_WECC_PNW	1
link_992	Zone_WECC_PNW	0.2
link_992	Zone_WEC_CALN	0.8
link_993	Zone_WECC_PNW	1
link_994	Zone_WEC_CALN	1
link_995	Zone_WEC_CALN	1
link_996	Zone_WEC_CALN	1
link_997	Zone_WEC_CALN	1
link_998	Zone_WEC_CALN	1
link_999	Zone_WEC_CALN	1
link_1000	Zone_WEC_CALN	1
link_1001	Zone_WEC_CALN	1
link_1002	Zone_WEC_CALN	1
link_1003	Zone_WECC_SF	1
link_1004	Zone_WECC_SF	1
link_1005	Zone_WECC_SF	1
link_1006	Zone_WECC_SF	1
link_1008	Zone_WECC_SF	1
link_1009	Zone_WECC_SF	1
link_1010	Zone_WECC_SF	1
link_1011	Zone_WEC_CALN	1
link_1012	Zone_WEC_CALN	1
link_1013	Zone_WEC_CALN	1
link_1014	Zone_WECC_SF	0.2
link_1014	Zone_WEC_CALN	0.8
link_1015	Zone_WEC_CALN	1
link_1016	Zone_WEC_CALN	1
link_1017	Zone_WEC_CALN	1
link_1018	Zone_WEC_CALN	1
link_1019	Zone_WECC_PNW	0.4
link_1019	Zone_WEC_CALN	0.6
link_1020	Zone_WEC_CALN	1
link_1021	Zone_WECC_PNW	0.2
link_1021	Zone_WEC_CALN	0.8
link_1022	Zone_WECC_PNW	0.1
link_1022	Zone_WEC_CALN	0.9
link_1023	Zone_WEC_CALN	1
link_1024	Zone_WEC_CALN	1
link_1025	Zone_WEC_CALN	1
link_1026	Zone_WEC_CALN	1
link_1027	Zone_WEC_CALN	1
link_1028	Zone_WEC_CALN	1
link_1029	Zone_WEC_CALN	1
link_1030	Zone_WEC_CALN	1
link_1031	Zone_WECC_SF	0.6
link_1031	Zone_WEC_CALN	0.4
link_1032	Zone_WECC_SF	0.8
link_1032	Zone_WEC_CALN	0.2
link_1033	Zone_WECC_SF	0.8
link_1033	Zone_WEC_CALN	0.2
link_1034	Zone_WECC_SF	0.6
link_1034	Zone_WEC_CALN	0.4
link_1035	Zone_WECC_SF	1
link_1036	Zone_WECC_SF	1
link_1037	Zone_WECC_SF	1
link_1038	Zone_WECC_SF	1
link_1039	Zone_WECC_SF	1
link_1040	Zone_WECC_SF	1
link_1041	Zone_WECC_SF	1
link_1042	Zone_WECC_SF	1
link_1043	Zone_WECC_SF	1
link_1044	Zone_WECC_SF	1
link_1045	Zone_WECC_SF	1
link_1046	Zone_WEC_CALN	1
link_1047	Zone_WEC_CALN	1
link_1048	Zone_WEC_CALN	1
link_1049	Zone_WEC_CALN	1
link_1050	Zone_WEC_CALN	1
link_1051	Zone_WEC_CALN	1
link_1052	Zone_WEC_CALN	1
link_1053	Zone_WEC_CALN	1
link_1054	Zone_WEC_CALN	1
link_1055	Zone_WEC_CALN	1
link_1056	Zone_WEC_CALN	1
link_1057	Zone_WEC_CALN	1
link_1058	Zone_WECC_SF	0.4
link_1058	Zone_WEC_CALN	0.6
link_1059	Zone_WECC_SF	0.8
link_1059	Zone_WEC_CALN	0.2
link_1060	Zone_WECC_SF	0.8
link_1060	Zone_WEC_CALN	0.2
link_1061	Zone_WEC_CALN	1
link_1062	Zone_WEC_CALN	1
link_1063	Zone_WEC_CALN	1
link_1064	Zone_WEC_CALN	1
link_1065	Zone_WEC_CALN	1
link_1066	Zone_WEC_CALN	1
link_1067	Zone_WEC_CALN	1
link_1068	Zone_WEC_CALN	1
link_1069	Zone_WECC_SF	0.2
link_1069	Zone_WEC_CALN	0.8
link_1070	Zone_WECC_SF	0.3
link_1070	Zone_WEC_CALN	0.7
link_1071	Zone_WEC_CALN	1
link_1072	Zone_WEC_CALN	1
link_1073	Zone_WEC_CALN	1
link_1074	Zone_WEC_CALN	1
link_1075	Zone_WEC_CALN	1
link_1076	Zone_WEC_CALN	1
link_1077	Zone_WEC_CALN	1
link_1078	Zone_WEC_CALN	1
link_1079	Zone_WEC_CALN	1
link_1080	Zone_WEC_CALN	1
link_1081	Zone_WECC_SF	1
link_1082	Zone_WECC_SF	1
link_1083	Zone_WECC_SF	1
link_1084	Zone_WECC_SF	1
link_1085	Zone_WECC_SF	1
link_1086	Zone_WECC_SF	1
link_1087	Zone_WECC_SF	1
link_1088	Zone_WECC_SF	1
link_1089	Zone_WECC_SF	1
link_1090	Zone_WECC_SF	1
link_1092	Zone_WECC_SF	1
link_1093	Zone_WECC_SF	1
link_1094	Zone_WEC_CALN	1
link_1095	Zone_WEC_CALN	1
link_1096	Zone_WEC_CALN	1
link_1097	Zone_WECC_PNW	0.1
link_1097	Zone_WEC_CALN	0.9
link_1098	Zone_WEC_CALN	1
link_1099	Zone_WEC_CALN	1
link_1100	Zone_WEC_CALN	1
link_1101	Zone_WEC_CALN	1
link_1102	Zone_WEC_CALN	1
link_1103	Zone_WEC_CALN	1
link_1104	Zone_WEC_CALN	1
link_1105	Zone_WEC_CALN	1
link_1106	Zone_WEC_CALN	1
link_1107	Zone_WEC_CALN	1
link_1108	Zone_WECC_SF	1
link_1109	Zone_WECC_SF	1
link_1110	Zone_WECC_SF	1
link_1111	Zone_WECC_SF	1
link_1112	Zone_WECC_SF	0.7
link_1112	Zone_WEC_CALN	0.3
link_1113	Zone_WECC_SF	0.3
link_1113	Zone_WEC_CALN	0.7
link_1114	Zone_WECC_SF	1
link_1115	Zone_WECC_SF	0.2
link_1115	Zone_WEC_CALN	0.8
link_1116	Zone_WECC_SF	0.3
link_1116	Zone_WEC_CALN	0.7
link_1117	Zone_WECC_SF	0.4
link_1117	Zone_WEC_CALN	0.6
link_1118	Zone_WECC_SF	1
link_1119	Zone_WECC_SF	1
link_1122	Zone_WECC_SF	1
link_1123	Zone_WECC_SF	1
link_1124	Zone_WECC_SF	1
link_1126	Zone_WECC_SF	1
link_1128	Zone_WECC_SF	1
link_1129	Zone_WEC_CALN	1
link_1130	Zone_WEC_CALN	1
link_1131	Zone_WEC_CALN	1
link_1132	Zone_WEC_CALN	1
link_1133	Zone_WEC_CALN	1
link_1134	Zone_WEC_CALN	1
link_1135	Zone_WEC_CALN	1
link_1136	Zone_WEC_CALN	1
link_1137	Zone_WEC_CALN	1
link_1138	Zone_WEC_CALN	1
link_1139	Zone_WEC_CALN	1
link_1140	Zone_WEC_CALN	1
link_1141	Zone_WEC_CALN	1
link_1142	Zone_WEC_CALN	1
link_1143	Zone_WEC_CALN	1
link_1144	Zone_WEC_CALN	1
link_1145	Zone_WEC_LADW	1
link_1146	Zone_WEC_CALN	0.7
link_1146	Zone_WEC_LADW	0.3
link_1147	Zone_WEC_CALN	0.8
link_1147	Zone_WEC_LADW	0.2
link_1148	Zone_WEC_CALN	0.4
link_1148	Zone_WEC_LADW	0.6
link_1149	Zone_WEC_CALN	1
link_1150	Zone_WEC_CALN	1
link_1151	Zone_WEC_CALN	1
link_1152	Zone_WEC_CALN	1
link_1153	Zone_WEC_CALN	1
link_1154	Zone_WEC_CALN	1
link_1155	Zone_WEC_CALN	1
link_1156	Zone_WEC_CALN	1
link_1157	Zone_WEC_CALN	1
link_1158	Zone_WEC_CALN	1
link_1159	Zone_WEC_CALN	1
link_1160	Zone_WEC_CALN	1
link_1161	Zone_WEC_CALN	1
link_1162	Zone_WEC_CALN	1
link_1163	Zone_WEC_CALN	1
link_1164	Zone_WEC_CALN	1
link_1165	Zone_WEC_CALN	1
link_1166	Zone_WEC_CALN	1
link_1167	Zone_WEC_CALN	1
link_1168	Zone_WECC_PNW	0.5
link_1168	Zone_WEC_CALN	0.5
link_1169	Zone_WEC_CALN	1
link_1170	Zone_WEC_CALN	1
link_1171	Zone_WEC_CALN	1
link_1172	Zone_WECC_NNV	0.3
link_1172	Zone_WEC_CALN	0.3
link_1172	Zone_WEC_LADW	0.4
link_1173	Zone_WEC_CALN	1
link_1174	Zone_WEC_CALN	1
link_1175	Zone_WEC_CALN	1
link_1176	Zone_WEC_CALN	1
link_1177	Zone_WEC_CALN	1
link_1178	Zone_WEC_CALN	1
link_1179	Zone_WEC_CALN	1
link_1180	Zone_WEC_CALN	1
link_1181	Zone_WEC_CALN	1
link_1182	Zone_WEC_CALN	1
link_1183	Zone_WEC_CALN	1
link_1184	Zone_WEC_CALN	1
link_1185	Zone_WEC_CALN	1
link_1186	Zone_WEC_CALN	1
link_1187	Zone_WEC_CALN	1
link_1188	Zone_WEC_CALN	1
link_1189	Zone_WEC_CALN	1
link_1190	Zone_WEC_CALN	1
link_1191	Zone_WEC_CALN	1
link_1192	Zone_WEC_CALN	1
link_1193	Zone_WEC_CALN	1
link_1194	Zone_WEC_CALN	1
link_1195	Zone_WEC_CALN	1
link_1196	Zone_WEC_CALN	1
link_1197	Zone_WEC_CALN	1
link_1198	Zone_WEC_CALN	1
link_1199	Zone_WEC_CALN	1
link_1200	Zone_WEC_CALN	1
link_1201	Zone_WEC_CALN	1
link_1202	Zone_WEC_CALN	1
link_1203	Zone_WEC_CALN	1
link_1204	Zone_WEC_CALN	1
link_1205	Zone_WEC_CALN	1
link_1206	Zone_WEC_CALN	1
link_1207	Zone_WEC_CALN	1
link_1208	Zone_WEC_CALN	0.6
link_1208	Zone_WEC_LADW	0.4
link_1209	Zone_WEC_CALN	1
link_1210	Zone_WEC_CALN	1
link_1211	Zone_WEC_CALN	1
link_1212	Zone_WEC_CALN	1
link_1213	Zone_WEC_CALN	1
link_1214	Zone_WEC_CALN	1
link_1215	Zone_WEC_CALN	1
link_1216	Zone_WEC_CALN	1
link_1217	Zone_WEC_CALN	1
link_1218	Zone_WEC_CALN	1
link_1219	Zone_WEC_CALN	1
link_1220	Zone_WECC_NNV	0.8
link_1220	Zone_WECC_SNV	0.2
link_1221	Zone_WECC_AZ	0.1
link_1221	Zone_WECC_NNV	0.9
link_1222	Zone_WECC_NNV	0.9
link_1222	Zone_WECC_SNV	0.1
link_1223	Zone_WECC_NNV	0.9
link_1223	Zone_WEC_LADW	0.1
link_1224	Zone_WECC_NNV	0.8
link_1224	Zone_WECC_SCE	0.2
link_1225	Zone_WECC_NNV	0.8
link_1225	Zone_WECC_SCE	0.1
link_1225	Zone_WEC_LADW	0.1
link_1226	Zone_WECC_NNV	1
link_1226	Zone_WEC_CALN	0
link_1227	Zone_WECC_NNV	0.9
link_1227	Zone_WEC_LADW	0.1
link_1228	Zone_WECC_NNV	1
link_1228	Zone_WEC_CALN	0
link_1229	Zone_WECC_AZ	0.1
link_1229	Zone_WECC_UT	0.9
link_1230	Zone_WECC_AZ	0.1
link_1230	Zone_WECC_UT	0.9
link_1231	Zone_WECC_NNV	0.5
link_1231	Zone_WECC_UT	0.5
link_1232	Zone_WECC_UT	1
link_1233	Zone_WECC_CO	1
link_1234	Zone_WECC_AZ	0
link_1234	Zone_WECC_UT	1
link_1235	Zone_WECC_CO	0.5
link_1235	Zone_WECC_UT	0.5
link_1236	Zone_WECC_AZ	0.2
link_1236	Zone_WECC_UT	0.8
link_1237	Zone_WECC_UT	1
link_1238	Zone_WECC_CO	0.8
link_1238	Zone_WECC_UT	0.2
link_1239	Zone_WECC_CO	0.4
link_1239	Zone_WECC_NM	0.6
link_1240	Zone_WECC_CO	1
link_1241	Zone_WECC_CO	1
link_1242	Zone_WECC_CO	1
link_1242	Zone_WECC_NM	0
link_1243	Zone_WECC_CO	1
link_1244	Zone_WECC_CO	1
link_1245	Zone_WECC_CO	1
link_1246	Zone_WECC_CO	0.3
link_1246	Zone_WECC_NM	0.7
link_1247	Zone_WECC_CO	1
link_1248	Zone_WECC_CO	1
link_1249	Zone_WECC_CO	0.6
link_1249	Zone_WECC_WY	0.4
link_1250	Zone_WECC_CO	0.7
link_1250	Zone_WECC_WY	0.3
link_1251	Zone_WECC_CO	0.6
link_1251	Zone_WECC_WY	0.4
link_1252	Zone_WECC_CO	0.4
link_1252	Zone_WECC_WY	0.6
link_1253	Zone_WECC_WY	1
link_1254	Zone_WECC_WY	1
link_1255	Zone_WECC_WY	1
link_1256	Zone_WECC_UT	0.7
link_1256	Zone_WECC_WY	0.3
link_1257	Zone_WECC_CO	0.7
link_1257	Zone_WECC_WY	0.3
link_1258	Zone_WECC_UT	0.8
link_1258	Zone_WECC_WY	0.2
link_1259	Zone_WECC_WY	1
link_1260	Zone_WECC_WY	1
link_1261	Zone_WECC_WY	1
link_1262	Zone_WECC_ID	0.4
link_1262	Zone_WECC_NNV	0.6
link_1263	Zone_WECC_ID	0.4
link_1263	Zone_WECC_UT	0.6
link_1264	Zone_WECC_ID	0.4
link_1264	Zone_WECC_WY	0.6
link_1265	Zone_WECC_ID	1
link_1266	Zone_WECC_UT	1
link_1267	Zone_WECC_UT	1
link_1268	Zone_WECC_UT	0.1
link_1268	Zone_WECC_WY	0.9
link_1269	Zone_WECC_ID	0.2
link_1269	Zone_WECC_UT	0.2
link_1269	Zone_WECC_WY	0.6
link_1270	Zone_WECC_ID	1
link_1270	Zone_WECC_UT	0
link_1271	Zone_WECC_ID	0.8
link_1271	Zone_WECC_UT	0.2
link_1272	Zone_WECC_PNW	0.4
link_1272	Zone_WEC_CALN	0.6
link_1273	Zone_WECC_PNW	0.6
link_1273	Zone_WEC_CALN	0.4
link_1274	Zone_WECC_PNW	1
link_1275	Zone_WECC_PNW	0.3
link_1275	Zone_WEC_CALN	0.7
link_1276	Zone_WECC_PNW	0.6
link_1276	Zone_WEC_CALN	0.4
link_1277	Zone_WECC_PNW	1
link_1278	Zone_WECC_NNV	0.9
link_1278	Zone_WECC_PNW	0.1
link_1279	Zone_WECC_ID	0.4
link_1279	Zone_WECC_NNV	0.1
link_1279	Zone_WECC_PNW	0.5
link_1280	Zone_WECC_PNW	1
link_1281	Zone_WECC_PNW	1
link_1282	Zone_WECC_PNW	1
link_1283	Zone_WECC_PNW	1
link_1284	Zone_WECC_PNW	1
link_1285	Zone_WECC_PNW	1
link_1287	Zone_WECC_PNW	1
link_1288	Zone_WECC_PNW	1
link_1289	Zone_WECC_PNW	1
link_1290	Zone_WECC_PNW	0.3
link_1290	Zone_WEC_CALN	0.7
link_1291	Zone_WECC_PNW	1
link_1292	Zone_WECC_PNW	0.2
link_1292	Zone_WEC_CALN	0.8
link_1293	Zone_WECC_PNW	1
link_1294	Zone_WECC_PNW	1
link_1295	Zone_WECC_PNW	1
link_1296	Zone_WECC_PNW	1
link_1297	Zone_WECC_PNW	0.5
link_1297	Zone_WEC_CALN	0.5
link_1298	Zone_WECC_PNW	1
link_1299	Zone_WECC_PNW	1
link_1300	Zone_WECC_PNW	1
link_1301	Zone_WECC_ID	0.5
link_1301	Zone_WECC_PNW	0.5
link_1302	Zone_WECC_PNW	1
link_1303	Zone_WECC_PNW	1
link_1304	Zone_WECC_PNW	1
link_1305	Zone_WECC_PNW	1
link_1306	Zone_WECC_PNW	1
link_1307	Zone_WECC_PNW	1
link_1308	Zone_WECC_MT	0.5
link_1308	Zone_WECC_WY	0.5
link_1309	Zone_WECC_MT	0.4
link_1309	Zone_WECC_WY	0.6
link_1310	Zone_WECC_ID	0.3
link_1310	Zone_WECC_MT	0.7
link_1311	Zone_WECC_ID	0.5
link_1311	Zone_WECC_MT	0.5
link_1312	Zone_WECC_ID	0.2
link_1312	Zone_WECC_MT	0.4
link_1312	Zone_WECC_PNW	0.4
link_1313	Zone_WECC_MT	0.2
link_1313	Zone_WECC_WY	0.8
link_1314	Zone_WECC_MT	0.4
link_1314	Zone_WECC_WY	0.6
link_1315	Zone_WECC_MT	1
