Network ID	From Node ID	To Node ID	Length [km]	Cost [$]	Cost [$/yr]	Transmission?	Delivery?	Geometry [WKT]
link_4	TAZ_5460	TAZ_5439	13	0	0	True	False	LINESTRING (-117.5032 33.84846, -117.6049 33.92873)
link_5	TAZ_5481	TAZ_5439	26	0	0	True	False	LINESTRING (-117.3307 33.97035, -117.6049 33.92873)
link_6	TAZ_5481	TAZ_5460	21	0	0	True	False	LINESTRING (-117.3307 33.97035, -117.5032 33.84846)
link_7	TAZ_5636	TAZ_5634	37	0	0	True	False	LINESTRING (-116.7643 33.63022, -116.9288 33.93687)
link_8	TAZ_5698	TAZ_5636	28	0	0	True	False	LINESTRING (-116.9748 33.45127, -116.7643 33.63022)
link_9	TAZ_5973	TAZ_5439	34	0	0	True	False	LINESTRING (-117.7227 33.64079, -117.6049 33.92873)
link_10	TAZ_5973	TAZ_5460	31	0	0	True	False	LINESTRING (-117.7227 33.64079, -117.5032 33.84846)
link_11	TAZ_6102	TAZ_6100	41	0	0	True	False	LINESTRING (-116.7042 33.24115, -116.2904 33.11603)
link_14	TAZ_6245	TAZ_6207	16	0	0	True	False	LINESTRING (-117.2071 33.28834, -117.2507 33.14466)
link_16	TAZ_3414	TAZ_3802	65	0	0	True	False	LINESTRING (-119.2948 34.27765, -118.6376 34.05522)
link_21	TAZ_3602	TAZ_3601	24	0	0	True	False	LINESTRING (-117.8637 34.29841, -118.1084 34.23271)
link_23	TAZ_3602	TAZ_5439	47	0	0	True	False	LINESTRING (-117.8637 34.29841, -117.6049 33.92873)
link_27	TAZ_4408	TAZ_3802	13	0	0	True	False	LINESTRING (-118.5005 34.03551, -118.6376 34.05522)
link_32	TAZ_5541	TAZ_5460	46	0	0	True	False	LINESTRING (-117.1626 33.54178, -117.5032 33.84846)
link_33	TAZ_5626	TAZ_5144	49	0	0	True	False	LINESTRING (-116.8006 33.96134, -116.5975 34.36581)
link_34	TAZ_5626	TAZ_5634	12	0	0	True	False	LINESTRING (-116.8006 33.96134, -116.9288 33.93687)
link_35	TAZ_5626	TAZ_5636	37	0	0	True	False	LINESTRING (-116.8006 33.96134, -116.7643 33.63022)
link_36	TAZ_5637	TAZ_5636	18	0	0	True	False	LINESTRING (-116.6658 33.48768, -116.7643 33.63022)
link_37	TAZ_5637	TAZ_5698	29	0	0	True	False	LINESTRING (-116.6658 33.48768, -116.9748 33.45127)
link_38	TAZ_5637	TAZ_6102	28	0	0	True	False	LINESTRING (-116.6658 33.48768, -116.7042 33.24115)
link_39	TAZ_5694	TAZ_5636	40	0	0	True	False	LINESTRING (-116.6106 33.96962, -116.7643 33.63022)
link_40	TAZ_5694	TAZ_5626	18	0	0	True	False	LINESTRING (-116.6106 33.96962, -116.8006 33.96134)
link_42	TAZ_5788	TAZ_5439	18	0	0	True	False	LINESTRING (-117.791 33.87432, -117.6049 33.92873)
link_43	TAZ_5788	TAZ_5973	27	0	0	True	False	LINESTRING (-117.791 33.87432, -117.7227 33.64079)
link_46	TAZ_6037	TAZ_5460	35	0	0	True	False	LINESTRING (-117.6847 33.57579, -117.5032 33.84846)
link_47	TAZ_6037	TAZ_6005	13	0	0	True	False	LINESTRING (-117.6847 33.57579, -117.6597 33.45817)
link_48	TAZ_6099	TAZ_6100	44	0	0	True	False	LINESTRING (-116.3354 33.51066, -116.2904 33.11603)
link_49	TAZ_6099	TAZ_6102	46	0	0	True	False	LINESTRING (-116.3354 33.51066, -116.7042 33.24115)
link_50	TAZ_6099	TAZ_5637	31	0	0	True	False	LINESTRING (-116.3354 33.51066, -116.6658 33.48768)
link_51	TAZ_6106	TAZ_6102	23	0	0	True	False	LINESTRING (-116.7716 33.03888, -116.7042 33.24115)
link_53	TAZ_6204	TAZ_6207	14	0	0	True	False	LINESTRING (-117.361 33.22354, -117.2507 33.14466)
link_54	TAZ_6204	TAZ_6245	16	0	0	True	False	LINESTRING (-117.361 33.22354, -117.2071 33.28834)
link_55	TAZ_6407	TAZ_6434	3	0	0	True	False	LINESTRING (-117.1096 32.7401, -117.0939 32.71396)
link_61	TAZ_3857	TAZ_3802	16	0	0	True	False	LINESTRING (-118.5356 34.17654, -118.6376 34.05522)
link_64	TAZ_3857	TAZ_4408	16	0	0	True	False	LINESTRING (-118.5356 34.17654, -118.5005 34.03551)
link_65	TAZ_3919	TAZ_3601	8	0	0	True	False	LINESTRING (-118.1935 34.21508, -118.1084 34.23271)
link_68	TAZ_4413	TAZ_4408	1	0	0	True	False	LINESTRING (-118.5006 34.02231, -118.5005 34.03551)
link_70	TAZ_4700	TAZ_4737	6	0	0	True	False	LINESTRING (-118.216 33.83581, -118.1654 33.8006)
link_72	TAZ_5145	TAZ_5144	34	0	0	True	False	LINESTRING (-116.5133 34.06852, -116.5975 34.36581)
link_73	TAZ_5145	TAZ_5626	29	0	0	True	False	LINESTRING (-116.5133 34.06852, -116.8006 33.96134)
link_74	TAZ_5145	TAZ_5694	14	0	0	True	False	LINESTRING (-116.5133 34.06852, -116.6106 33.96962)
link_75	TAZ_5147	TAZ_5144	53	0	0	True	False	LINESTRING (-116.0727 34.17538, -116.5975 34.36581)
link_76	TAZ_5147	TAZ_5145	42	0	0	True	False	LINESTRING (-116.0727 34.17538, -116.5133 34.06852)
link_77	TAZ_5198	TAZ_5144	41	0	0	True	False	LINESTRING (-117.0395 34.33103, -116.5975 34.36581)
link_78	TAZ_5198	TAZ_5634	45	0	0	True	False	LINESTRING (-117.0395 34.33103, -116.9288 33.93687)
link_79	TAZ_5198	TAZ_5626	47	0	0	True	False	LINESTRING (-117.0395 34.33103, -116.8006 33.96134)
link_80	TAZ_5198	TAZ_5114	12	0	0	True	False	LINESTRING (-117.0395 34.33103, -117.1258 34.40641)
link_81	TAZ_5546	TAZ_5460	44	0	0	True	False	LINESTRING (-117.152 33.58639, -117.5032 33.84846)
link_82	TAZ_5546	TAZ_5481	46	0	0	True	False	LINESTRING (-117.152 33.58639, -117.3307 33.97035)
link_83	TAZ_5546	TAZ_5636	36	0	0	True	False	LINESTRING (-117.152 33.58639, -116.7643 33.63022)
link_84	TAZ_5546	TAZ_5698	22	0	0	True	False	LINESTRING (-117.152 33.58639, -116.9748 33.45127)
link_85	TAZ_5546	TAZ_5541	5	0	0	True	False	LINESTRING (-117.152 33.58639, -117.1626 33.54178)
link_86	TAZ_5625	TAZ_5634	10	0	0	True	False	LINESTRING (-117.0326 33.90917, -116.9288 33.93687)
link_87	TAZ_5625	TAZ_5636	40	0	0	True	False	LINESTRING (-117.0326 33.90917, -116.7643 33.63022)
link_88	TAZ_5625	TAZ_5546	37	0	0	True	False	LINESTRING (-117.0326 33.90917, -117.152 33.58639)
link_90	TAZ_5853	TAZ_5973	26	0	0	True	False	LINESTRING (-118.0046 33.67043, -117.7227 33.64079)
link_91	TAZ_5853	TAZ_5788	30	0	0	True	False	LINESTRING (-118.0046 33.67043, -117.791 33.87432)
link_92	TAZ_5853	TAZ_5857	8	0	0	True	False	LINESTRING (-118.0046 33.67043, -118.0598 33.72202)
link_94	TAZ_6003	TAZ_5460	47	0	0	True	False	LINESTRING (-117.6302 33.43665, -117.5032 33.84846)
link_95	TAZ_6003	TAZ_6005	4	0	0	True	False	LINESTRING (-117.6302 33.43665, -117.6597 33.45817)
link_96	TAZ_6003	TAZ_5541	45	0	0	True	False	LINESTRING (-117.6302 33.43665, -117.1626 33.54178)
link_97	TAZ_6003	TAZ_6037	16	0	0	True	False	LINESTRING (-117.6302 33.43665, -117.6847 33.57579)
link_98	TAZ_6003	TAZ_6204	34	0	0	True	False	LINESTRING (-117.6302 33.43665, -117.361 33.22354)
link_99	TAZ_6053	TAZ_5460	31	0	0	True	False	LINESTRING (-117.7007 33.62013, -117.5032 33.84846)
link_100	TAZ_6053	TAZ_5973	3	0	0	True	False	LINESTRING (-117.7007 33.62013, -117.7227 33.64079)
link_101	TAZ_6053	TAZ_6037	5	0	0	True	False	LINESTRING (-117.7007 33.62013, -117.6847 33.57579)
link_102	TAZ_6101	TAZ_6100	48	0	0	True	False	LINESTRING (-116.4389 32.70345, -116.2904 33.11603)
link_103	TAZ_6101	TAZ_6133	34	0	0	True	False	LINESTRING (-116.4389 32.70345, -116.7937 32.6694)
link_104	TAZ_6114	TAZ_6102	22	0	0	True	False	LINESTRING (-116.8409 33.08453, -116.7042 33.24115)
link_106	TAZ_6114	TAZ_6106	8	0	0	True	False	LINESTRING (-116.8409 33.08453, -116.7716 33.03888)
link_108	TAZ_6134	TAZ_6133	15	0	0	True	False	LINESTRING (-116.7868 32.80701, -116.7937 32.6694)
link_109	TAZ_6134	TAZ_6545	10	0	0	True	False	LINESTRING (-116.7868 32.80701, -116.8915 32.83053)
link_110	TAZ_6134	TAZ_6101	35	0	0	True	False	LINESTRING (-116.7868 32.80701, -116.4389 32.70345)
link_112	TAZ_6251	TAZ_6245	13	0	0	True	False	LINESTRING (-117.1968 33.40212, -117.2071 33.28834)
link_113	TAZ_6251	TAZ_5541	16	0	0	True	False	LINESTRING (-117.1968 33.40212, -117.1626 33.54178)
link_114	TAZ_6251	TAZ_6204	25	0	0	True	False	LINESTRING (-117.1968 33.40212, -117.361 33.22354)
link_115	TAZ_6251	TAZ_6003	41	0	0	True	False	LINESTRING (-117.1968 33.40212, -117.6302 33.43665)
link_117	TAZ_6273	TAZ_6207	3	0	0	True	False	LINESTRING (-117.245 33.11878, -117.2507 33.14466)
link_118	TAZ_6273	TAZ_6407	44	0	0	True	False	LINESTRING (-117.245 33.11878, -117.1096 32.7401)
link_119	TAZ_6273	TAZ_6114	38	0	0	True	False	LINESTRING (-117.245 33.11878, -116.8409 33.08453)
link_121	TAZ_6508	TAZ_6407	15	0	0	True	False	LINESTRING (-116.9483 32.74586, -117.1096 32.7401)
link_122	TAZ_6609	TAZ_6133	17	0	0	True	False	LINESTRING (-116.9684 32.63744, -116.7937 32.6694)
link_124	TAZ_6609	TAZ_6631	11	0	0	True	False	LINESTRING (-116.9684 32.63744, -117.0823 32.65165)
link_125	TAZ_6668	TAZ_6133	23	0	0	True	False	LINESTRING (-117.019 32.5795, -116.7937 32.6694)
link_127	TAZ_6668	TAZ_6631	10	0	0	True	False	LINESTRING (-117.019 32.5795, -117.0823 32.65165)
link_128	TAZ_6668	TAZ_6101	56	0	0	True	False	LINESTRING (-117.019 32.5795, -116.4389 32.70345)
link_129	TAZ_6668	TAZ_6609	8	0	0	True	False	LINESTRING (-117.019 32.5795, -116.9684 32.63744)
link_132	TAZ_3729	TAZ_3604	24	0	0	True	False	LINESTRING (-118.485 34.29475, -118.6351 34.47224)
link_133	TAZ_3729	TAZ_3857	14	0	0	True	False	LINESTRING (-118.485 34.29475, -118.5356 34.17654)
link_134	TAZ_3729	TAZ_3919	28	0	0	True	False	LINESTRING (-118.485 34.29475, -118.1935 34.21508)
link_136	TAZ_4361	TAZ_4355	1	0	0	True	False	LINESTRING (-118.3048 34.08716, -118.3165 34.09405)
link_137	TAZ_4361	TAZ_3919	18	0	0	True	False	LINESTRING (-118.3048 34.08716, -118.1935 34.21508)
link_138	TAZ_4361	TAZ_4700	29	0	0	True	False	LINESTRING (-118.3048 34.08716, -118.216 33.83581)
link_140	TAZ_4403	TAZ_4408	2	0	0	True	False	LINESTRING (-118.4966 34.01524, -118.5005 34.03551)
link_141	TAZ_4403	TAZ_4413	1	0	0	True	False	LINESTRING (-118.4966 34.01524, -118.5006 34.02231)
link_143	TAZ_4404	TAZ_4408	5	0	0	True	False	LINESTRING (-118.4584 34.0593, -118.5005 34.03551)
link_144	TAZ_4404	TAZ_3857	15	0	0	True	False	LINESTRING (-118.4584 34.0593, -118.5356 34.17654)
link_145	TAZ_4404	TAZ_4403	6	0	0	True	False	LINESTRING (-118.4584 34.0593, -118.4966 34.01524)
link_146	TAZ_4731	TAZ_4619	5	0	0	True	False	LINESTRING (-118.2149 33.80353, -118.2173 33.7603)
link_147	TAZ_4731	TAZ_4737	5	0	0	True	False	LINESTRING (-118.2149 33.80353, -118.1654 33.8006)
link_148	TAZ_4750	TAZ_4619	5	0	0	True	False	LINESTRING (-118.1742 33.78623, -118.2173 33.7603)
link_149	TAZ_4750	TAZ_4737	2	0	0	True	False	LINESTRING (-118.1742 33.78623, -118.1654 33.8006)
link_150	TAZ_4750	TAZ_4731	4	0	0	True	False	LINESTRING (-118.1742 33.78623, -118.2149 33.80353)
link_151	TAZ_4766	TAZ_4619	8	0	0	True	False	LINESTRING (-118.1299 33.76789, -118.2173 33.7603)
link_153	TAZ_4766	TAZ_4737	5	0	0	True	False	LINESTRING (-118.1299 33.76789, -118.1654 33.8006)
link_154	TAZ_4766	TAZ_5857	8	0	0	True	False	LINESTRING (-118.1299 33.76789, -118.0598 33.72202)
link_155	TAZ_4766	TAZ_4750	5	0	0	True	False	LINESTRING (-118.1299 33.76789, -118.1742 33.78623)
link_157	TAZ_5115	TAZ_5114	12	0	0	True	False	LINESTRING (-117.2197 34.48735, -117.1258 34.40641)
link_159	TAZ_5492	TAZ_5481	1	0	0	True	False	LINESTRING (-117.3167 33.97626, -117.3307 33.97035)
link_161	TAZ_5492	TAZ_5114	51	0	0	True	False	LINESTRING (-117.3167 33.97626, -117.1258 34.40641)
link_162	TAZ_5492	TAZ_5198	47	0	0	True	False	LINESTRING (-117.3167 33.97626, -117.0395 34.33103)
link_163	TAZ_5492	TAZ_5546	46	0	0	True	False	LINESTRING (-117.3167 33.97626, -117.152 33.58639)
link_164	TAZ_5492	TAZ_5625	27	0	0	True	False	LINESTRING (-117.3167 33.97626, -117.0326 33.90917)
link_165	TAZ_5638	TAZ_5636	41	0	0	True	False	LINESTRING (-116.4795 33.90833, -116.7643 33.63022)
link_166	TAZ_5638	TAZ_5637	50	0	0	True	False	LINESTRING (-116.4795 33.90833, -116.6658 33.48768)
link_167	TAZ_5638	TAZ_5694	14	0	0	True	False	LINESTRING (-116.4795 33.90833, -116.6106 33.96962)
link_168	TAZ_5638	TAZ_6099	46	0	0	True	False	LINESTRING (-116.4795 33.90833, -116.3354 33.51066)
link_169	TAZ_5638	TAZ_5145	18	0	0	True	False	LINESTRING (-116.4795 33.90833, -116.5133 34.06852)
link_178	TAZ_6136	TAZ_6133	12	0	0	True	False	LINESTRING (-116.9009 32.72367, -116.7937 32.6694)
link_180	TAZ_6136	TAZ_6545	12	0	0	True	False	LINESTRING (-116.9009 32.72367, -116.8915 32.83053)
link_181	TAZ_6136	TAZ_6134	14	0	0	True	False	LINESTRING (-116.9009 32.72367, -116.7868 32.80701)
link_182	TAZ_6136	TAZ_6508	5	0	0	True	False	LINESTRING (-116.9009 32.72367, -116.9483 32.74586)
link_183	TAZ_6136	TAZ_6609	11	0	0	True	False	LINESTRING (-116.9009 32.72367, -116.9684 32.63744)
link_184	TAZ_6658	TAZ_6434	4	0	0	True	False	LINESTRING (-117.0807 32.67861, -117.0939 32.71396)
link_186	TAZ_6658	TAZ_6631	3	0	0	True	False	LINESTRING (-117.0807 32.67861, -117.0823 32.65165)
link_187	TAZ_6658	TAZ_6609	11	0	0	True	False	LINESTRING (-117.0807 32.67861, -116.9684 32.63744)
link_188	TAZ_3626	TAZ_3601	22	0	0	True	False	LINESTRING (-118.0817 34.43291, -118.1084 34.23271)
link_189	TAZ_3626	TAZ_3602	25	0	0	True	False	LINESTRING (-118.0817 34.43291, -117.8637 34.29841)
link_191	TAZ_4569	TAZ_4619	19	0	0	True	False	LINESTRING (-118.3569 33.88019, -118.2173 33.7603)
link_192	TAZ_4569	TAZ_4700	14	0	0	True	False	LINESTRING (-118.3569 33.88019, -118.216 33.83581)
link_193	TAZ_4569	TAZ_4361	23	0	0	True	False	LINESTRING (-118.3569 33.88019, -118.3048 34.08716)
link_194	TAZ_4569	TAZ_4403	20	0	0	True	False	LINESTRING (-118.3569 33.88019, -118.4966 34.01524)
link_195	TAZ_4569	TAZ_4731	16	0	0	True	False	LINESTRING (-118.3569 33.88019, -118.2149 33.80353)
link_196	TAZ_5550	TAZ_5698	18	0	0	True	False	LINESTRING (-117.1515 33.51146, -116.9748 33.45127)
link_198	TAZ_5550	TAZ_5541	4	0	0	True	False	LINESTRING (-117.1515 33.51146, -117.1626 33.54178)
link_199	TAZ_5550	TAZ_5546	8	0	0	True	False	LINESTRING (-117.1515 33.51146, -117.152 33.58639)
link_200	TAZ_5550	TAZ_6251	13	0	0	True	False	LINESTRING (-117.1515 33.51146, -117.1968 33.40212)
link_201	TAZ_5624	TAZ_5634	16	0	0	True	False	LINESTRING (-117.0912 33.97307, -116.9288 33.93687)
link_202	TAZ_5624	TAZ_5198	40	0	0	True	False	LINESTRING (-117.0912 33.97307, -117.0395 34.33103)
link_203	TAZ_5624	TAZ_5625	9	0	0	True	False	LINESTRING (-117.0912 33.97307, -117.0326 33.90917)
link_204	TAZ_5624	TAZ_5492	21	0	0	True	False	LINESTRING (-117.0912 33.97307, -117.3167 33.97626)
link_206	TAZ_5855	TAZ_5788	29	0	0	True	False	LINESTRING (-118.04 33.71173, -117.791 33.87432)
link_207	TAZ_5855	TAZ_5857	2	0	0	True	False	LINESTRING (-118.04 33.71173, -118.0598 33.72202)
link_208	TAZ_5855	TAZ_5853	6	0	0	True	False	LINESTRING (-118.04 33.71173, -118.0046 33.67043)
link_210	TAZ_6231	TAZ_6207	13	0	0	True	False	LINESTRING (-117.3794 33.19896, -117.2507 33.14466)
link_211	TAZ_6231	TAZ_6204	3	0	0	True	False	LINESTRING (-117.3794 33.19896, -117.361 33.22354)
link_212	TAZ_6231	TAZ_6407	57	0	0	True	False	LINESTRING (-117.3794 33.19896, -117.1096 32.7401)
link_214	TAZ_6231	TAZ_6273	15	0	0	True	False	LINESTRING (-117.3794 33.19896, -117.245 33.11878)
link_216	TAZ_3614	TAZ_3604	10	0	0	True	False	LINESTRING (-118.7117 34.53146, -118.6351 34.47224)
link_218	TAZ_4358	TAZ_4355	1	0	0	True	False	LINESTRING (-118.3106 34.10369, -118.3165 34.09405)
link_219	TAZ_4358	TAZ_3919	16	0	0	True	False	LINESTRING (-118.3106 34.10369, -118.1935 34.21508)
link_220	TAZ_4358	TAZ_3729	27	0	0	True	False	LINESTRING (-118.3106 34.10369, -118.485 34.29475)
link_221	TAZ_4358	TAZ_4361	2	0	0	True	False	LINESTRING (-118.3106 34.10369, -118.3048 34.08716)
link_223	TAZ_4422	TAZ_4355	14	0	0	True	False	LINESTRING (-118.4057 33.9872, -118.3165 34.09405)
link_224	TAZ_4422	TAZ_4361	14	0	0	True	False	LINESTRING (-118.4057 33.9872, -118.3048 34.08716)
link_225	TAZ_4422	TAZ_4403	9	0	0	True	False	LINESTRING (-118.4057 33.9872, -118.4966 34.01524)
link_226	TAZ_4422	TAZ_4404	9	0	0	True	False	LINESTRING (-118.4057 33.9872, -118.4584 34.0593)
link_227	TAZ_4422	TAZ_4569	13	0	0	True	False	LINESTRING (-118.4057 33.9872, -118.3569 33.88019)
link_228	TAZ_4730	TAZ_4737	5	0	0	True	False	LINESTRING (-118.2144 33.81909, -118.1654 33.8006)
link_229	TAZ_4730	TAZ_4700	2	0	0	True	False	LINESTRING (-118.2144 33.81909, -118.216 33.83581)
link_230	TAZ_4730	TAZ_4731	2	0	0	True	False	LINESTRING (-118.2144 33.81909, -118.2149 33.80353)
link_231	TAZ_4730	TAZ_4569	15	0	0	True	False	LINESTRING (-118.2144 33.81909, -118.3569 33.88019)
link_232	TAZ_5690	TAZ_6099	41	0	0	True	False	LINESTRING (-116.3812 33.8766, -116.3354 33.51066)
link_233	TAZ_5690	TAZ_5145	25	0	0	True	False	LINESTRING (-116.3812 33.8766, -116.5133 34.06852)
link_234	TAZ_5690	TAZ_5147	44	0	0	True	False	LINESTRING (-116.3812 33.8766, -116.0727 34.17538)
link_236	TAZ_5690	TAZ_5638	10	0	0	True	False	LINESTRING (-116.3812 33.8766, -116.4795 33.90833)
link_237	TAZ_6011	TAZ_5973	15	0	0	True	False	LINESTRING (-117.7295 33.50567, -117.7227 33.64079)
link_238	TAZ_6011	TAZ_6005	8	0	0	True	False	LINESTRING (-117.7295 33.50567, -117.6597 33.45817)
link_239	TAZ_6011	TAZ_6037	9	0	0	True	False	LINESTRING (-117.7295 33.50567, -117.6847 33.57579)
link_241	TAZ_6011	TAZ_5853	31	0	0	True	False	LINESTRING (-117.7295 33.50567, -118.0046 33.67043)
link_242	TAZ_6011	TAZ_6053	13	0	0	True	False	LINESTRING (-117.7295 33.50567, -117.7007 33.62013)
link_244	TAZ_6424	TAZ_6434	2	0	0	True	False	LINESTRING (-117.1081 32.72816, -117.0939 32.71396)
link_245	TAZ_6424	TAZ_6407	1	0	0	True	False	LINESTRING (-117.1081 32.72816, -117.1096 32.7401)
link_246	TAZ_6424	TAZ_6631	9	0	0	True	False	LINESTRING (-117.1081 32.72816, -117.0823 32.65165)
link_247	TAZ_6424	TAZ_6658	6	0	0	True	False	LINESTRING (-117.1081 32.72816, -117.0807 32.67861)
link_248	TAZ_6424	TAZ_6231	58	0	0	True	False	LINESTRING (-117.1081 32.72816, -117.3794 33.19896)
link_256	WEC_LADW	TAZ_3601	17	0	0	True	False	LINESTRING (-118.2172 34.36134, -118.1084 34.23271)
link_257	WEC_LADW	TAZ_3919	16	0	0	True	False	LINESTRING (-118.2172 34.36134, -118.1935 34.21508)
link_258	WEC_LADW	TAZ_3729	26	0	0	True	False	LINESTRING (-118.2172 34.36134, -118.485 34.29475)
link_259	WEC_LADW	TAZ_3626	15	0	0	True	False	LINESTRING (-118.2172 34.36134, -118.0817 34.43291)
link_260	WEC_SDGE	TAZ_6100	42	0	0	True	False	LINESTRING (-116.7325 33.03591, -116.2904 33.11603)
link_261	WEC_SDGE	TAZ_6102	23	0	0	True	False	LINESTRING (-116.7325 33.03591, -116.7042 33.24115)
link_263	WEC_SDGE	TAZ_6106	4	0	0	True	False	LINESTRING (-116.7325 33.03591, -116.7716 33.03888)
link_264	WEC_SDGE	TAZ_6101	46	0	0	True	False	LINESTRING (-116.7325 33.03591, -116.4389 32.70345)
link_265	WEC_SDGE	TAZ_6134	26	0	0	True	False	LINESTRING (-116.7325 33.03591, -116.7868 32.80701)
link_266	TAZ_5693	TAZ_5194	65	0	0	True	False	LINESTRING (-115.1519 33.72524, -115.4457 34.25684)
link_267	TAZ_5693	TAZ_5614	74	0	0	True	False	LINESTRING (-115.1519 33.72524, -114.9985 33.07462)
link_268	TAZ_5146	TAZ_5147	19	0	0	True	False	LINESTRING (-115.8731 34.15471, -116.0727 34.17538)
link_270	TAZ_5146	TAZ_5194	41	0	0	True	False	LINESTRING (-115.8731 34.15471, -115.4457 34.25684)
link_271	TAZ_5148	TAZ_5194	65	0	0	True	False	LINESTRING (-114.8028 34.50521, -115.4457 34.25684)
link_272	TAZ_5148	TAZ_5670	96	0	0	True	False	LINESTRING (-114.8028 34.50521, -114.5603 33.66122)
link_273	TAZ_5148	TAZ_5693	92	0	0	True	False	LINESTRING (-114.8028 34.50521, -115.1519 33.72524)
link_274	TAZ_5606	TAZ_5601	22	0	0	True	False	LINESTRING (-115.4948 32.79997, -115.4146 32.99079)
link_275	TAZ_5606	TAZ_5608	6	0	0	True	False	LINESTRING (-115.4948 32.79997, -115.5147 32.74937)
link_276	TAZ_5611	TAZ_6101	80	0	0	True	False	LINESTRING (-115.5887 32.69128, -116.4389 32.70345)
link_277	TAZ_5611	TAZ_6668	135	0	0	True	False	LINESTRING (-115.5887 32.69128, -117.019 32.5795)
link_278	TAZ_5611	TAZ_5608	9	0	0	True	False	LINESTRING (-115.5887 32.69128, -115.5147 32.74937)
link_279	TAZ_5612	TAZ_6668	144	0	0	True	False	LINESTRING (-115.4969 32.68272, -117.019 32.5795)
link_280	TAZ_5612	TAZ_5608	8	0	0	True	False	LINESTRING (-115.4969 32.68272, -115.5147 32.74937)
link_281	TAZ_5612	TAZ_5611	9	0	0	True	False	LINESTRING (-115.4969 32.68272, -115.5887 32.69128)
link_282	TAZ_5669	TAZ_5614	60	0	0	True	False	LINESTRING (-114.6533 33.53612, -114.9985 33.07462)
link_283	TAZ_5669	TAZ_5670	16	0	0	True	False	LINESTRING (-114.6533 33.53612, -114.5603 33.66122)
link_284	TAZ_5669	TAZ_5693	51	0	0	True	False	LINESTRING (-114.6533 33.53612, -115.1519 33.72524)
link_285	TAZ_5680	TAZ_6099	47	0	0	True	False	LINESTRING (-115.9036 33.72833, -116.3354 33.51066)
link_287	TAZ_5680	TAZ_5690	47	0	0	True	False	LINESTRING (-115.9036 33.72833, -116.3812 33.8766)
link_288	TAZ_5680	TAZ_5146	47	0	0	True	False	LINESTRING (-115.9036 33.72833, -115.8731 34.15471)
link_289	TAZ_5603	TAZ_5601	11	0	0	True	False	LINESTRING (-115.5348 32.98606, -115.4146 32.99079)
link_290	TAZ_5603	TAZ_5602	6	0	0	True	False	LINESTRING (-115.5348 32.98606, -115.5883 32.96046)
link_291	TAZ_5604	TAZ_5601	19	0	0	True	False	LINESTRING (-115.3606 32.8216, -115.4146 32.99079)
link_292	TAZ_5604	TAZ_5614	44	0	0	True	False	LINESTRING (-115.3606 32.8216, -114.9985 33.07462)
link_293	TAZ_5604	TAZ_5606	13	0	0	True	False	LINESTRING (-115.3606 32.8216, -115.4948 32.79997)
link_294	TAZ_5607	TAZ_5602	18	0	0	True	False	LINESTRING (-115.5671 32.80004, -115.5883 32.96046)
link_295	TAZ_5607	TAZ_5606	7	0	0	True	False	LINESTRING (-115.5671 32.80004, -115.4948 32.79997)
link_296	TAZ_5607	TAZ_5611	12	0	0	True	False	LINESTRING (-115.5671 32.80004, -115.5887 32.69128)
link_297	TAZ_5613	TAZ_5608	6	0	0	True	False	LINESTRING (-115.4815 32.70741, -115.5147 32.74937)
link_298	TAZ_5613	TAZ_5606	10	0	0	True	False	LINESTRING (-115.4815 32.70741, -115.4948 32.79997)
link_299	TAZ_5613	TAZ_5612	3	0	0	True	False	LINESTRING (-115.4815 32.70741, -115.4969 32.68272)
link_300	TAZ_5615	TAZ_6100	40	0	0	True	False	LINESTRING (-115.8706 33.15966, -116.2904 33.11603)
link_301	TAZ_5615	TAZ_5602	34	0	0	True	False	LINESTRING (-115.8706 33.15966, -115.5883 32.96046)
link_302	TAZ_5616	TAZ_5601	19	0	0	True	False	LINESTRING (-115.5556 32.86777, -115.4146 32.99079)
link_303	TAZ_5616	TAZ_5602	11	0	0	True	False	LINESTRING (-115.5556 32.86777, -115.5883 32.96046)
link_304	TAZ_5616	TAZ_5606	9	0	0	True	False	LINESTRING (-115.5556 32.86777, -115.4948 32.79997)
link_305	TAZ_5616	TAZ_5603	13	0	0	True	False	LINESTRING (-115.5556 32.86777, -115.5348 32.98606)
link_306	TAZ_5616	TAZ_5607	8	0	0	True	False	LINESTRING (-115.5556 32.86777, -115.5671 32.80004)
link_307	TAZ_5668	TAZ_5194	44	0	0	True	False	LINESTRING (-115.5823 33.88124, -115.4457 34.25684)
link_308	TAZ_5668	TAZ_5693	43	0	0	True	False	LINESTRING (-115.5823 33.88124, -115.1519 33.72524)
link_309	TAZ_5668	TAZ_5146	41	0	0	True	False	LINESTRING (-115.5823 33.88124, -115.8731 34.15471)
link_310	TAZ_5668	TAZ_5680	34	0	0	True	False	LINESTRING (-115.5823 33.88124, -115.9036 33.72833)
link_311	TAZ_5699	TAZ_5614	55	0	0	True	False	LINESTRING (-115.3884 32.69974, -114.9985 33.07462)
link_312	TAZ_5699	TAZ_5606	15	0	0	True	False	LINESTRING (-115.3884 32.69974, -115.4948 32.79997)
link_313	TAZ_5699	TAZ_5612	10	0	0	True	False	LINESTRING (-115.3884 32.69974, -115.4969 32.68272)
link_314	TAZ_5699	TAZ_5604	14	0	0	True	False	LINESTRING (-115.3884 32.69974, -115.3606 32.8216)
link_315	TAZ_5699	TAZ_5613	9	0	0	True	False	LINESTRING (-115.3884 32.69974, -115.4815 32.70741)
link_316	TAZ_6836	TAZ_6100	48	0	0	True	False	LINESTRING (-115.9263 32.81521, -116.2904 33.11603)
link_317	TAZ_6836	TAZ_6101	50	0	0	True	False	LINESTRING (-115.9263 32.81521, -116.4389 32.70345)
link_318	TAZ_6836	TAZ_5602	36	0	0	True	False	LINESTRING (-115.9263 32.81521, -115.5883 32.96046)
link_319	TAZ_6836	TAZ_5611	35	0	0	True	False	LINESTRING (-115.9263 32.81521, -115.5887 32.69128)
link_320	TAZ_6836	TAZ_5607	34	0	0	True	False	LINESTRING (-115.9263 32.81521, -115.5671 32.80004)
link_321	TAZ_6836	TAZ_5615	39	0	0	True	False	LINESTRING (-115.9263 32.81521, -115.8706 33.15966)
link_322	TAZ_5600	TAZ_5693	69	0	0	True	False	LINESTRING (-115.6048 33.23767, -115.1519 33.72524)
link_323	TAZ_5600	TAZ_5602	31	0	0	True	False	LINESTRING (-115.6048 33.23767, -115.5883 32.96046)
link_324	TAZ_5600	TAZ_5603	29	0	0	True	False	LINESTRING (-115.6048 33.23767, -115.5348 32.98606)
link_325	TAZ_5600	TAZ_5615	26	0	0	True	False	LINESTRING (-115.6048 33.23767, -115.8706 33.15966)
link_326	TAZ_5600	TAZ_5668	71	0	0	True	False	LINESTRING (-115.6048 33.23767, -115.5823 33.88124)
link_327	TAZ_5609	TAZ_5608	5	0	0	True	False	LINESTRING (-115.554 32.78251, -115.5147 32.74937)
link_328	TAZ_5609	TAZ_5606	6	0	0	True	False	LINESTRING (-115.554 32.78251, -115.4948 32.79997)
link_329	TAZ_5609	TAZ_5611	11	0	0	True	False	LINESTRING (-115.554 32.78251, -115.5887 32.69128)
link_330	TAZ_5609	TAZ_5607	2	0	0	True	False	LINESTRING (-115.554 32.78251, -115.5671 32.80004)
link_331	TAZ_5681	TAZ_5670	23	0	0	True	False	LINESTRING (-114.7384 33.81184, -114.5603 33.66122)
link_332	TAZ_5681	TAZ_5693	39	0	0	True	False	LINESTRING (-114.7384 33.81184, -115.1519 33.72524)
link_333	TAZ_5681	TAZ_5148	77	0	0	True	False	LINESTRING (-114.7384 33.81184, -114.8028 34.50521)
link_334	TAZ_5681	TAZ_5669	32	0	0	True	False	LINESTRING (-114.7384 33.81184, -114.6533 33.53612)
link_341	WECC_IID	TAZ_5601	7	0	0	True	False	LINESTRING (-115.3654 33.03994, -115.4146 32.99079)
link_342	WECC_IID	TAZ_5614	35	0	0	True	False	LINESTRING (-115.3654 33.03994, -114.9985 33.07462)
link_343	WECC_IID	TAZ_5693	79	0	0	True	False	LINESTRING (-115.3654 33.03994, -115.1519 33.72524)
link_344	WECC_IID	TAZ_5603	17	0	0	True	False	LINESTRING (-115.3654 33.03994, -115.5348 32.98606)
link_345	WECC_IID	TAZ_5604	24	0	0	True	False	LINESTRING (-115.3654 33.03994, -115.3606 32.8216)
link_346	WECC_IID	TAZ_5600	31	0	0	True	False	LINESTRING (-115.3654 33.03994, -115.6048 33.23767)
link_347	Cavern_18	TAZ_5614	262	0	0	True	False	LINESTRING (-112.2159 33.4235, -114.9985 33.07462)
link_348	Cavern_18	TAZ_5670	219	0	0	True	False	LINESTRING (-112.2159 33.4235, -114.5603 33.66122)
link_349	Cavern_18	TAZ_5148	267	0	0	True	False	LINESTRING (-112.2159 33.4235, -114.8028 34.50521)
link_350	Cavern_18	TAZ_5669	227	0	0	True	False	LINESTRING (-112.2159 33.4235, -114.6533 33.53612)
link_351	Cavern_18	TAZ_5699	307	0	0	True	False	LINESTRING (-112.2159 33.4235, -115.3884 32.69974)
link_355	Cavern_17	Cavern_18	345	0	0	True	False	LINESTRING (-108.7064 34.4927, -112.2159 33.4235)
link_358	Cavern_5	TAZ_5612	961	0	0	True	False	LINESTRING (-105.2517 33.4598, -115.4969 32.68272)
link_359	Cavern_5	TAZ_5699	951	0	0	True	False	LINESTRING (-105.2517 33.4598, -115.3884 32.69974)
link_360	Cavern_5	Cavern_18	648	0	0	True	False	LINESTRING (-105.2517 33.4598, -112.2159 33.4235)
link_362	Cavern_5	Cavern_17	339	0	0	True	False	LINESTRING (-105.2517 33.4598, -108.7064 34.4927)
link_367	Cavern_12	Cavern_17	276	0	0	True	False	LINESTRING (-109.1173 36.953, -108.7064 34.4927)
link_373	TAZ_5138	TAZ_5194	75	0	0	True	False	LINESTRING (-115.4687 34.93416, -115.4457 34.25684)
link_374	TAZ_5138	TAZ_5148	77	0	0	True	False	LINESTRING (-115.4687 34.93416, -114.8028 34.50521)
link_375	TAZ_5139	TAZ_5138	63	0	0	True	False	LINESTRING (-115.8547 35.39993, -115.4687 34.93416)
link_376	WECC_SCE	TAZ_5147	59	0	0	True	False	LINESTRING (-115.7463 34.63158, -116.0727 34.17538)
link_377	WECC_SCE	TAZ_5194	50	0	0	True	False	LINESTRING (-115.7463 34.63158, -115.4457 34.25684)
link_378	WECC_SCE	TAZ_5146	54	0	0	True	False	LINESTRING (-115.7463 34.63158, -115.8731 34.15471)
link_379	WECC_SCE	TAZ_5138	42	0	0	True	False	LINESTRING (-115.7463 34.63158, -115.4687 34.93416)
link_380	WECC_SCE	TAZ_5139	86	0	0	True	False	LINESTRING (-115.7463 34.63158, -115.8547 35.39993)
link_381	WECC_SNV	TAZ_5139	118	0	0	True	False	LINESTRING (-115.0188 36.2132, -115.8547 35.39993)
link_383	Cavern_20	Cavern_12	418	0	0	True	False	LINESTRING (-113.7911 36.6513, -109.1173 36.953)
link_386	Cavern_22	TAZ_5148	124	0	0	True	False	LINESTRING (-114.5043 35.5978, -114.8028 34.50521)
link_388	Cavern_22	Cavern_18	320	0	0	True	False	LINESTRING (-114.5043 35.5978, -112.2159 33.4235)
link_389	Cavern_22	Cavern_20	133	0	0	True	False	LINESTRING (-114.5043 35.5978, -113.7911 36.6513)
link_391	Cavern_23	TAZ_5148	120	0	0	True	False	LINESTRING (-114.7036 35.5831, -114.8028 34.50521)
link_392	Cavern_23	TAZ_5138	100	0	0	True	False	LINESTRING (-114.7036 35.5831, -115.4687 34.93416)
link_393	Cavern_23	TAZ_5139	106	0	0	True	False	LINESTRING (-114.7036 35.5831, -115.8547 35.39993)
link_394	Cavern_23	WECC_SNV	76	0	0	True	False	LINESTRING (-114.7036 35.5831, -115.0188 36.2132)
link_396	Cavern_23	Cavern_22	18	0	0	True	False	LINESTRING (-114.7036 35.5831, -114.5043 35.5978)
link_397	TAZ_2332	TAZ_2313	43	0	0	True	False	LINESTRING (-120.4056 37.28707, -120.7388 37.00502)
link_400	TAZ_2900	TAZ_2822	35	0	0	True	False	LINESTRING (-119.1504 34.94732, -118.8838 35.17537)
link_403	TAZ_3321	TAZ_3301	51	0	0	True	False	LINESTRING (-120.4955 35.03068, -119.9879 35.22801)
link_404	TAZ_5111	TAZ_5110	22	0	0	True	False	LINESTRING (-116.8825 34.97923, -117.1231 34.93978)
link_405	TAZ_5140	TAZ_5139	68	0	0	True	False	LINESTRING (-116.6002 35.43787, -115.8547 35.39993)
link_406	TAZ_5140	TAZ_5111	57	0	0	True	False	LINESTRING (-116.6002 35.43787, -116.8825 34.97923)
link_407	TAZ_5195	TAZ_5144	55	0	0	True	False	LINESTRING (-116.4406 34.84499, -116.5975 34.36581)
link_408	TAZ_5195	TAZ_5147	82	0	0	True	False	LINESTRING (-116.4406 34.84499, -116.0727 34.17538)
link_409	TAZ_5195	TAZ_5139	82	0	0	True	False	LINESTRING (-116.4406 34.84499, -115.8547 35.39993)
link_410	TAZ_5195	WECC_SCE	68	0	0	True	False	LINESTRING (-116.4406 34.84499, -115.7463 34.63158)
link_411	TAZ_5195	TAZ_5111	43	0	0	True	False	LINESTRING (-116.4406 34.84499, -116.8825 34.97923)
link_412	TAZ_2234	TAZ_2200	6	0	0	True	False	LINESTRING (-120.859 37.6714, -120.9238 37.69815)
link_413	TAZ_2234	TAZ_2332	59	0	0	True	False	LINESTRING (-120.859 37.6714, -120.4056 37.28707)
link_414	TAZ_2308	TAZ_2313	52	0	0	True	False	LINESTRING (-120.2255 37.22345, -120.7388 37.00502)
link_415	TAZ_2308	TAZ_2332	17	0	0	True	False	LINESTRING (-120.2255 37.22345, -120.4056 37.28707)
link_416	TAZ_2312	TAZ_2313	26	0	0	True	False	LINESTRING (-121.0273 36.98734, -120.7388 37.00502)
link_419	TAZ_2479	TAZ_2473	3	0	0	True	False	LINESTRING (-119.7792 36.72732, -119.7844 36.74966)
link_421	TAZ_2518	TAZ_2606	35	0	0	True	False	LINESTRING (-119.6824 36.47594, -119.6997 36.1601)
link_422	TAZ_2525	TAZ_2313	59	0	0	True	False	LINESTRING (-120.3859 36.55101, -120.7388 37.00502)
link_423	TAZ_2525	TAZ_2532	32	0	0	True	False	LINESTRING (-120.3859 36.55101, -120.1598 36.32513)
link_428	TAZ_2550	TAZ_2308	24	0	0	True	False	LINESTRING (-120.0716 37.04858, -120.2255 37.22345)
link_429	TAZ_2795	TAZ_2822	24	0	0	True	False	LINESTRING (-118.7834 34.9797, -118.8838 35.17537)
link_430	TAZ_2795	TAZ_2900	34	0	0	True	False	LINESTRING (-118.7834 34.9797, -119.1504 34.94732)
link_431	TAZ_2795	TAZ_2912	29	0	0	True	False	LINESTRING (-118.7834 34.9797, -118.4641 34.98043)
link_432	TAZ_2872	TAZ_2822	22	0	0	True	False	LINESTRING (-119.0046 35.34644, -118.8838 35.17537)
link_433	TAZ_2903	TAZ_2912	18	0	0	True	False	LINESTRING (-118.3412 34.85657, -118.4641 34.98043)
link_436	TAZ_2917	TAZ_2739	17	0	0	True	False	LINESTRING (-119.2965 35.75378, -119.393 35.89036)
link_437	TAZ_2917	TAZ_2949	15	0	0	True	False	LINESTRING (-119.2965 35.75378, -119.1957 35.64337)
link_438	TAZ_2935	TAZ_2798	32	0	0	True	False	LINESTRING (-118.3378 35.28019, -118.5036 35.5302)
link_439	TAZ_2935	TAZ_2931	37	0	0	True	False	LINESTRING (-118.3378 35.28019, -117.9356 35.25082)
link_441	TAZ_2947	TAZ_3301	44	0	0	True	False	LINESTRING (-119.503 35.26723, -119.9879 35.22801)
link_442	TAZ_3013	TAZ_5139	177	0	0	True	False	LINESTRING (-117.3288 36.44608, -115.8547 35.39993)
link_443	TAZ_3013	WECC_SNV	209	0	0	True	False	LINESTRING (-117.3288 36.44608, -115.0188 36.2132)
link_444	TAZ_3013	TAZ_5140	130	0	0	True	False	LINESTRING (-117.3288 36.44608, -116.6002 35.43787)
link_451	TAZ_3361	TAZ_3414	73	0	0	True	False	LINESTRING (-119.825 34.77255, -119.2948 34.27765)
link_452	TAZ_3361	TAZ_3301	53	0	0	True	False	LINESTRING (-119.825 34.77255, -119.9879 35.22801)
link_453	TAZ_5158	TAZ_5115	38	0	0	True	False	LINESTRING (-117.3821 34.80717, -117.2197 34.48735)
link_454	TAZ_5158	TAZ_5110	28	0	0	True	False	LINESTRING (-117.3821 34.80717, -117.1231 34.93978)
link_455	TAZ_5158	TAZ_2931	71	0	0	True	False	LINESTRING (-117.3821 34.80717, -117.9356 35.25082)
link_456	TAZ_2227	TAZ_2234	24	0	0	True	False	LINESTRING (-120.8302 37.88664, -120.859 37.6714)
link_458	TAZ_2305	TAZ_2313	27	0	0	True	False	LINESTRING (-121.019 37.09455, -120.7388 37.00502)
link_459	TAZ_2305	TAZ_2312	12	0	0	True	False	LINESTRING (-121.019 37.09455, -121.0273 36.98734)
link_460	TAZ_2478	TAZ_2473	1	0	0	True	False	LINESTRING (-119.7827 36.73709, -119.7844 36.74966)
link_462	TAZ_2478	TAZ_2479	1	0	0	True	False	LINESTRING (-119.7827 36.73709, -119.7792 36.72732)
link_463	TAZ_2506	TAZ_2532	30	0	0	True	False	LINESTRING (-120.4398 36.1753, -120.1598 36.32513)
link_464	TAZ_2506	TAZ_3252	49	0	0	True	False	LINESTRING (-120.4398 36.1753, -120.9108 35.96052)
link_465	TAZ_2506	TAZ_2525	42	0	0	True	False	LINESTRING (-120.4398 36.1753, -120.3859 36.55101)
link_466	TAZ_2519	TAZ_2532	34	0	0	True	False	LINESTRING (-119.9558 36.5789, -120.1598 36.32513)
link_468	TAZ_2519	TAZ_2479	23	0	0	True	False	LINESTRING (-119.9558 36.5789, -119.7792 36.72732)
link_469	TAZ_2519	TAZ_2518	27	0	0	True	False	LINESTRING (-119.9558 36.5789, -119.6824 36.47594)
link_470	TAZ_2530	TAZ_2532	18	0	0	True	False	LINESTRING (-120.1031 36.16789, -120.1598 36.32513)
link_471	TAZ_2557	TAZ_2313	61	0	0	True	False	LINESTRING (-120.0538 36.93469, -120.7388 37.00502)
link_472	TAZ_2557	TAZ_2545	11	0	0	True	False	LINESTRING (-120.0538 36.93469, -119.9751 36.85443)
link_473	TAZ_2557	TAZ_2308	36	0	0	True	False	LINESTRING (-120.0538 36.93469, -120.2255 37.22345)
link_474	TAZ_2557	TAZ_2525	52	0	0	True	False	LINESTRING (-120.0538 36.93469, -120.3859 36.55101)
link_475	TAZ_2557	TAZ_2550	13	0	0	True	False	LINESTRING (-120.0538 36.93469, -120.0716 37.04858)
link_476	TAZ_2567	TAZ_2565	15	0	0	True	False	LINESTRING (-119.6782 37.24293, -119.6801 37.38187)
link_483	TAZ_2603	TAZ_2530	29	0	0	True	False	LINESTRING (-120.0814 35.90352, -120.1031 36.16789)
link_485	TAZ_2624	TAZ_2606	15	0	0	True	False	LINESTRING (-119.5517 36.10804, -119.6997 36.1601)
link_488	TAZ_2743	TAZ_2739	19	0	0	True	False	LINESTRING (-119.4204 36.06067, -119.393 35.89036)
link_490	TAZ_2743	TAZ_2624	13	0	0	True	False	LINESTRING (-119.4204 36.06067, -119.5517 36.10804)
link_494	TAZ_2783	TAZ_2606	35	0	0	True	False	LINESTRING (-119.3763 36.3423, -119.6997 36.1601)
link_495	TAZ_2783	TAZ_2509	70	0	0	True	False	LINESTRING (-119.3763 36.3423, -118.8695 36.82176)
link_496	TAZ_2783	TAZ_2518	31	0	0	True	False	LINESTRING (-119.3763 36.3423, -119.6824 36.47594)
link_498	TAZ_2783	TAZ_2624	30	0	0	True	False	LINESTRING (-119.3763 36.3423, -119.5517 36.10804)
link_500	TAZ_2893	TAZ_2822	17	0	0	True	False	LINESTRING (-119.0388 35.26246, -118.8838 35.17537)
link_501	TAZ_2893	TAZ_2872	10	0	0	True	False	LINESTRING (-119.0388 35.26246, -119.0046 35.34644)
link_502	TAZ_2909	TAZ_2912	25	0	0	True	False	LINESTRING (-118.3152 35.16885, -118.4641 34.98043)
link_503	TAZ_2909	TAZ_2903	35	0	0	True	False	LINESTRING (-118.3152 35.16885, -118.3412 34.85657)
link_504	TAZ_2909	TAZ_2931	36	0	0	True	False	LINESTRING (-118.3152 35.16885, -117.9356 35.25082)
link_505	TAZ_2909	TAZ_2935	13	0	0	True	False	LINESTRING (-118.3152 35.16885, -118.3378 35.28019)
link_514	TAZ_2946	TAZ_3301	49	0	0	True	False	LINESTRING (-119.4659 35.1339, -119.9879 35.22801)
link_515	TAZ_2946	TAZ_2947	15	0	0	True	False	LINESTRING (-119.4659 35.1339, -119.503 35.26723)
link_516	TAZ_2946	TAZ_3361	52	0	0	True	False	LINESTRING (-119.4659 35.1339, -119.825 34.77255)
link_520	TAZ_3016	TAZ_2509	64	0	0	True	False	LINESTRING (-118.2961 37.16752, -118.8695 36.82176)
link_521	TAZ_3016	TAZ_3013	118	0	0	True	False	LINESTRING (-118.2961 37.16752, -117.3288 36.44608)
link_523	TAZ_3305	TAZ_3252	41	0	0	True	False	LINESTRING (-120.6912 35.63537, -120.9108 35.96052)
link_533	TAZ_3599	TAZ_3614	30	0	0	True	False	LINESTRING (-118.8 34.79328, -118.7117 34.53146)
link_534	TAZ_3599	TAZ_2900	36	0	0	True	False	LINESTRING (-118.8 34.79328, -119.1504 34.94732)
link_535	TAZ_3599	TAZ_2912	37	0	0	True	False	LINESTRING (-118.8 34.79328, -118.4641 34.98043)
link_536	TAZ_3599	TAZ_2795	21	0	0	True	False	LINESTRING (-118.8 34.79328, -118.7834 34.9797)
link_537	TAZ_3687	TAZ_3604	28	0	0	True	False	LINESTRING (-118.3634 34.5955, -118.6351 34.47224)
link_538	TAZ_3687	TAZ_3729	35	0	0	True	False	LINESTRING (-118.3634 34.5955, -118.485 34.29475)
link_539	TAZ_3687	WEC_LADW	29	0	0	True	False	LINESTRING (-118.3634 34.5955, -118.2172 34.36134)
link_540	TAZ_3687	TAZ_2903	29	0	0	True	False	LINESTRING (-118.3634 34.5955, -118.3412 34.85657)
link_541	TAZ_3695	TAZ_2903	24	0	0	True	False	LINESTRING (-118.1521 34.71117, -118.3412 34.85657)
link_542	TAZ_3695	TAZ_3687	23	0	0	True	False	LINESTRING (-118.1521 34.71117, -118.3634 34.5955)
link_543	TAZ_5159	TAZ_5110	19	0	0	True	False	LINESTRING (-116.9605 34.83546, -117.1231 34.93978)
link_544	TAZ_5159	TAZ_5111	17	0	0	True	False	LINESTRING (-116.9605 34.83546, -116.8825 34.97923)
link_545	TAZ_5159	TAZ_5195	48	0	0	True	False	LINESTRING (-116.9605 34.83546, -116.4406 34.84499)
link_546	TAZ_2276	TAZ_2234	43	0	0	True	False	LINESTRING (-121.0363 37.30952, -120.859 37.6714)
link_547	TAZ_2276	TAZ_2305	24	0	0	True	False	LINESTRING (-121.0363 37.30952, -121.019 37.09455)
link_548	TAZ_2522	TAZ_2532	34	0	0	True	False	LINESTRING (-120.1373 36.63267, -120.1598 36.32513)
link_549	TAZ_2522	TAZ_2545	29	0	0	True	False	LINESTRING (-120.1373 36.63267, -119.9751 36.85443)
link_551	TAZ_2522	TAZ_2525	24	0	0	True	False	LINESTRING (-120.1373 36.63267, -120.3859 36.55101)
link_552	TAZ_2522	TAZ_2519	17	0	0	True	False	LINESTRING (-120.1373 36.63267, -119.9558 36.5789)
link_553	TAZ_2522	TAZ_2557	34	0	0	True	False	LINESTRING (-120.1373 36.63267, -120.0538 36.93469)
link_554	TAZ_2573	TAZ_2565	9	0	0	True	False	LINESTRING (-119.6159 37.31976, -119.6801 37.38187)
link_555	TAZ_2573	TAZ_2509	86	0	0	True	False	LINESTRING (-119.6159 37.31976, -118.8695 36.82176)
link_557	TAZ_2573	TAZ_2567	10	0	0	True	False	LINESTRING (-119.6159 37.31976, -119.6782 37.24293)
link_558	TAZ_2574	TAZ_2545	5	0	0	True	False	LINESTRING (-119.9824 36.8992, -119.9751 36.85443)
link_559	TAZ_2574	TAZ_2550	18	0	0	True	False	LINESTRING (-119.9824 36.8992, -120.0716 37.04858)
link_560	TAZ_2574	TAZ_2557	7	0	0	True	False	LINESTRING (-119.9824 36.8992, -120.0538 36.93469)
link_561	TAZ_2605	TAZ_2532	28	0	0	True	False	LINESTRING (-119.944 36.13865, -120.1598 36.32513)
link_562	TAZ_2605	TAZ_2606	22	0	0	True	False	LINESTRING (-119.944 36.13865, -119.6997 36.1601)
link_563	TAZ_2605	TAZ_2518	44	0	0	True	False	LINESTRING (-119.944 36.13865, -119.6824 36.47594)
link_564	TAZ_2605	TAZ_2519	49	0	0	True	False	LINESTRING (-119.944 36.13865, -119.9558 36.5789)
link_565	TAZ_2605	TAZ_2530	15	0	0	True	False	LINESTRING (-119.944 36.13865, -120.1031 36.16789)
link_567	TAZ_2605	TAZ_2603	29	0	0	True	False	LINESTRING (-119.944 36.13865, -120.0814 35.90352)
link_578	TAZ_2740	TAZ_2739	12	0	0	True	False	LINESTRING (-119.2641 35.8715, -119.393 35.89036)
link_580	TAZ_2740	TAZ_2949	26	0	0	True	False	LINESTRING (-119.2641 35.8715, -119.1957 35.64337)
link_581	TAZ_2740	TAZ_2917	13	0	0	True	False	LINESTRING (-119.2641 35.8715, -119.2965 35.75378)
link_583	TAZ_2796	TAZ_2822	18	0	0	True	False	LINESTRING (-118.7012 35.23272, -118.8838 35.17537)
link_584	TAZ_2796	TAZ_2795	29	0	0	True	False	LINESTRING (-118.7012 35.23272, -118.7834 34.9797)
link_585	TAZ_2810	TAZ_2949	39	0	0	True	False	LINESTRING (-119.0987 35.30506, -119.1957 35.64337)
link_586	TAZ_2810	TAZ_2872	10	0	0	True	False	LINESTRING (-119.0987 35.30506, -119.0046 35.34644)
link_587	TAZ_2810	TAZ_2893	7	0	0	True	False	LINESTRING (-119.0987 35.30506, -119.0388 35.26246)
link_589	TAZ_2838	TAZ_2822	24	0	0	True	False	LINESTRING (-118.9977 35.37019, -118.8838 35.17537)
link_590	TAZ_2838	TAZ_2949	35	0	0	True	False	LINESTRING (-118.9977 35.37019, -119.1957 35.64337)
link_591	TAZ_2838	TAZ_2872	3	0	0	True	False	LINESTRING (-118.9977 35.37019, -119.0046 35.34644)
link_593	TAZ_2838	TAZ_2796	31	0	0	True	False	LINESTRING (-118.9977 35.37019, -118.7012 35.23272)
link_599	TAZ_2924	TAZ_2931	37	0	0	True	False	LINESTRING (-117.8481 35.57236, -117.9356 35.25082)
link_600	TAZ_2924	TAZ_3013	108	0	0	True	False	LINESTRING (-117.8481 35.57236, -117.3288 36.44608)
link_602	TAZ_2936	TAZ_2912	16	0	0	True	False	LINESTRING (-118.4501 35.12779, -118.4641 34.98043)
link_603	TAZ_2936	TAZ_2935	20	0	0	True	False	LINESTRING (-118.4501 35.12779, -118.3378 35.28019)
link_604	TAZ_2936	TAZ_2909	13	0	0	True	False	LINESTRING (-118.4501 35.12779, -118.3152 35.16885)
link_606	TAZ_2940	TAZ_2949	23	0	0	True	False	LINESTRING (-119.3767 35.49721, -119.1957 35.64337)
link_608	TAZ_2940	TAZ_2810	33	0	0	True	False	LINESTRING (-119.3767 35.49721, -119.0987 35.30506)
link_609	TAZ_2944	TAZ_2900	31	0	0	True	False	LINESTRING (-119.4528 35.06697, -119.1504 34.94732)
link_610	TAZ_2944	TAZ_3361	47	0	0	True	False	LINESTRING (-119.4528 35.06697, -119.825 34.77255)
link_611	TAZ_2944	TAZ_2946	8	0	0	True	False	LINESTRING (-119.4528 35.06697, -119.4659 35.1339)
link_616	TAZ_3023	TAZ_3022	41	0	0	True	False	LINESTRING (-118.9816 37.63797, -118.5197 37.69179)
link_617	TAZ_3023	TAZ_2509	91	0	0	True	False	LINESTRING (-118.9816 37.63797, -118.8695 36.82176)
link_618	TAZ_3023	TAZ_3016	80	0	0	True	False	LINESTRING (-118.9816 37.63797, -118.2961 37.16752)
link_619	TAZ_3023	TAZ_2573	66	0	0	True	False	LINESTRING (-118.9816 37.63797, -119.6159 37.31976)
link_621	TAZ_3314	TAZ_3252	71	0	0	True	False	LINESTRING (-120.7096 35.34122, -120.9108 35.96052)
link_622	TAZ_3314	TAZ_3305	33	0	0	True	False	LINESTRING (-120.7096 35.34122, -120.6912 35.63537)
link_623	TAZ_3314	TAZ_3315	7	0	0	True	False	LINESTRING (-120.7096 35.34122, -120.6778 35.28187)
link_631	TAZ_3699	TAZ_3604	18	0	0	True	False	LINESTRING (-118.636 34.6336, -118.6351 34.47224)
link_632	TAZ_3699	TAZ_3614	13	0	0	True	False	LINESTRING (-118.636 34.6336, -118.7117 34.53146)
link_633	TAZ_3699	TAZ_2912	42	0	0	True	False	LINESTRING (-118.636 34.6336, -118.4641 34.98043)
link_634	TAZ_3699	TAZ_2903	37	0	0	True	False	LINESTRING (-118.636 34.6336, -118.3412 34.85657)
link_635	TAZ_3699	TAZ_3599	23	0	0	True	False	LINESTRING (-118.636 34.6336, -118.8 34.79328)
link_636	TAZ_3699	TAZ_3687	25	0	0	True	False	LINESTRING (-118.636 34.6336, -118.3634 34.5955)
link_637	TAZ_5101	TAZ_5110	52	0	0	True	False	LINESTRING (-117.2836 35.38594, -117.1231 34.93978)
link_638	TAZ_5101	TAZ_5111	58	0	0	True	False	LINESTRING (-117.2836 35.38594, -116.8825 34.97923)
link_639	TAZ_5101	TAZ_5140	62	0	0	True	False	LINESTRING (-117.2836 35.38594, -116.6002 35.43787)
link_640	TAZ_5101	TAZ_2931	61	0	0	True	False	LINESTRING (-117.2836 35.38594, -117.9356 35.25082)
link_641	TAZ_5101	TAZ_3013	118	0	0	True	False	LINESTRING (-117.2836 35.38594, -117.3288 36.44608)
link_642	TAZ_5101	TAZ_5158	65	0	0	True	False	LINESTRING (-117.2836 35.38594, -117.3821 34.80717)
link_643	TAZ_5101	TAZ_2924	55	0	0	True	False	LINESTRING (-117.2836 35.38594, -117.8481 35.57236)
link_645	TAZ_5103	TAZ_5115	33	0	0	True	False	LINESTRING (-117.5069 34.66269, -117.2197 34.48735)
link_646	TAZ_5103	TAZ_5158	20	0	0	True	False	LINESTRING (-117.5069 34.66269, -117.3821 34.80717)
link_647	TAZ_5160	TAZ_5144	47	0	0	True	False	LINESTRING (-116.993 34.63701, -116.5975 34.36581)
link_648	TAZ_5160	TAZ_5114	28	0	0	True	False	LINESTRING (-116.993 34.63701, -117.1258 34.40641)
link_649	TAZ_5160	TAZ_5198	34	0	0	True	False	LINESTRING (-116.993 34.63701, -117.0395 34.33103)
link_650	TAZ_5160	TAZ_5115	27	0	0	True	False	LINESTRING (-116.993 34.63701, -117.2197 34.48735)
link_651	TAZ_5160	TAZ_5195	56	0	0	True	False	LINESTRING (-116.993 34.63701, -116.4406 34.84499)
link_652	TAZ_5160	TAZ_5159	22	0	0	True	False	LINESTRING (-116.993 34.63701, -116.9605 34.83546)
link_653	TAZ_2231	TAZ_2200	3	0	0	True	False	LINESTRING (-120.9158 37.72739, -120.9238 37.69815)
link_654	TAZ_2231	TAZ_2234	8	0	0	True	False	LINESTRING (-120.9158 37.72739, -120.859 37.6714)
link_655	TAZ_2231	TAZ_2227	19	0	0	True	False	LINESTRING (-120.9158 37.72739, -120.8302 37.88664)
link_662	TAZ_2531	TAZ_2532	27	0	0	True	False	LINESTRING (-120.366 36.15228, -120.1598 36.32513)
link_663	TAZ_2531	TAZ_2506	7	0	0	True	False	LINESTRING (-120.366 36.15228, -120.4398 36.1753)
link_664	TAZ_2531	TAZ_2530	24	0	0	True	False	LINESTRING (-120.366 36.15228, -120.1031 36.16789)
link_665	TAZ_2531	TAZ_2603	38	0	0	True	False	LINESTRING (-120.366 36.15228, -120.0814 35.90352)
link_667	TAZ_2536	TAZ_2479	13	0	0	True	False	LINESTRING (-119.7205 36.61958, -119.7792 36.72732)
link_668	TAZ_2536	TAZ_2518	16	0	0	True	False	LINESTRING (-119.7205 36.61958, -119.6824 36.47594)
link_670	TAZ_2536	TAZ_2519	22	0	0	True	False	LINESTRING (-119.7205 36.61958, -119.9558 36.5789)
link_680	TAZ_2891	TAZ_2822	21	0	0	True	False	LINESTRING (-119.1114 35.20069, -118.8838 35.17537)
link_681	TAZ_2891	TAZ_2900	28	0	0	True	False	LINESTRING (-119.1114 35.20069, -119.1504 34.94732)
link_682	TAZ_2891	TAZ_2893	10	0	0	True	False	LINESTRING (-119.1114 35.20069, -119.0388 35.26246)
link_684	TAZ_2891	TAZ_2946	33	0	0	True	False	LINESTRING (-119.1114 35.20069, -119.4659 35.1339)
link_685	TAZ_2891	TAZ_2810	12	0	0	True	False	LINESTRING (-119.1114 35.20069, -119.0987 35.30506)
link_686	TAZ_2891	TAZ_2944	34	0	0	True	False	LINESTRING (-119.1114 35.20069, -119.4528 35.06697)
link_687	TAZ_3014	TAZ_3022	46	0	0	True	False	LINESTRING (-118.2864 37.31722, -118.5197 37.69179)
link_688	TAZ_3014	TAZ_3013	129	0	0	True	False	LINESTRING (-118.2864 37.31722, -117.3288 36.44608)
link_689	TAZ_3014	TAZ_3016	17	0	0	True	False	LINESTRING (-118.2864 37.31722, -118.2961 37.16752)
link_690	TAZ_3014	TAZ_3023	71	0	0	True	False	LINESTRING (-118.2864 37.31722, -118.9816 37.63797)
link_696	TAZ_3383	TAZ_3301	52	0	0	True	False	LINESTRING (-120.4306 34.93084, -119.9879 35.22801)
link_697	TAZ_3383	TAZ_3321	13	0	0	True	False	LINESTRING (-120.4306 34.93084, -120.4955 35.03068)
link_720	TAZ_2849	TAZ_2949	36	0	0	True	False	LINESTRING (-119.0081 35.35957, -119.1957 35.64337)
link_721	TAZ_2849	TAZ_2872	1	0	0	True	False	LINESTRING (-119.0081 35.35957, -119.0046 35.34644)
link_722	TAZ_2849	TAZ_2810	10	0	0	True	False	LINESTRING (-119.0081 35.35957, -119.0987 35.30506)
link_723	TAZ_2849	TAZ_2838	2	0	0	True	False	LINESTRING (-119.0081 35.35957, -118.9977 35.37019)
link_724	TAZ_2911	TAZ_2912	26	0	0	True	False	LINESTRING (-118.629 35.17178, -118.4641 34.98043)
link_725	TAZ_2911	TAZ_2795	26	0	0	True	False	LINESTRING (-118.629 35.17178, -118.7834 34.9797)
link_726	TAZ_2911	TAZ_2935	29	0	0	True	False	LINESTRING (-118.629 35.17178, -118.3378 35.28019)
link_727	TAZ_2911	TAZ_2796	9	0	0	True	False	LINESTRING (-118.629 35.17178, -118.7012 35.23272)
link_728	TAZ_2911	TAZ_2936	17	0	0	True	False	LINESTRING (-118.629 35.17178, -118.4501 35.12779)
link_735	TAZ_2941	TAZ_2739	34	0	0	True	False	LINESTRING (-119.3492 35.58901, -119.393 35.89036)
link_737	TAZ_2941	TAZ_2949	15	0	0	True	False	LINESTRING (-119.3492 35.58901, -119.1957 35.64337)
link_738	TAZ_2941	TAZ_2917	19	0	0	True	False	LINESTRING (-119.3492 35.58901, -119.2965 35.75378)
link_739	TAZ_2941	TAZ_2940	10	0	0	True	False	LINESTRING (-119.3492 35.58901, -119.3767 35.49721)
link_747	TAZ_3330	TAZ_3321	32	0	0	True	False	LINESTRING (-120.6609 35.28318, -120.4955 35.03068)
link_749	TAZ_3330	TAZ_3315	2	0	0	True	False	LINESTRING (-120.6609 35.28318, -120.6778 35.28187)
link_750	TAZ_3330	TAZ_3314	8	0	0	True	False	LINESTRING (-120.6609 35.28318, -120.7096 35.34122)
link_761	TAZ_5112	TAZ_5115	39	0	0	True	False	LINESTRING (-117.1135 34.83077, -117.2197 34.48735)
link_762	TAZ_5112	TAZ_5110	12	0	0	True	False	LINESTRING (-117.1135 34.83077, -117.1231 34.93978)
link_763	TAZ_5112	TAZ_5158	25	0	0	True	False	LINESTRING (-117.1135 34.83077, -117.3821 34.80717)
link_764	TAZ_5112	TAZ_5159	14	0	0	True	False	LINESTRING (-117.1135 34.83077, -116.9605 34.83546)
link_765	TAZ_5112	TAZ_5160	24	0	0	True	False	LINESTRING (-117.1135 34.83077, -116.993 34.63701)
link_770	TAZ_1718	TAZ_1227	20	0	0	True	False	LINESTRING (-122.1447 37.42809, -122.3737 37.44854)
link_774	TAZ_1944	TAZ_2305	47	0	0	True	False	LINESTRING (-121.5159 37.23579, -121.019 37.09455)
link_775	TAZ_1944	TAZ_2276	43	0	0	True	False	LINESTRING (-121.5159 37.23579, -121.0363 37.30952)
link_777	TAZ_3207	TAZ_3314	165	0	0	True	False	LINESTRING (-121.852 36.50711, -120.7096 35.34122)
link_779	TAZ_3207	TAZ_3202	30	0	0	True	False	LINESTRING (-121.852 36.50711, -121.6519 36.72673)
link_783	TAZ_1023	TAZ_1192	3	0	0	True	False	LINESTRING (-122.3983 37.77844, -122.3976 37.74832)
link_784	TAZ_1309	TAZ_1320	9	0	0	True	False	LINESTRING (-122.0638 37.90762, -122.1111 37.97709)
link_785	TAZ_1314	TAZ_1341	15	0	0	True	False	LINESTRING (-121.8191 37.83229, -121.9344 37.93295)
link_786	TAZ_1314	TAZ_1892	19	0	0	True	False	LINESTRING (-121.8191 37.83229, -121.6373 37.733)
link_788	TAZ_1624	TAZ_1686	10	0	0	True	False	LINESTRING (-121.9019 37.50847, -121.8074 37.55684)
link_789	TAZ_1677	TAZ_1892	14	0	0	True	False	LINESTRING (-121.7962 37.73064, -121.6373 37.733)
link_790	TAZ_1677	TAZ_1314	11	0	0	True	False	LINESTRING (-121.7962 37.73064, -121.8191 37.83229)
link_791	TAZ_1731	TAZ_1718	6	0	0	True	False	LINESTRING (-122.0922 37.39572, -122.1447 37.42809)
link_793	TAZ_1731	TAZ_1796	12	0	0	True	False	LINESTRING (-122.0922 37.39572, -121.9738 37.44141)
link_794	TAZ_1937	TAZ_1944	25	0	0	True	False	LINESTRING (-121.6927 37.05524, -121.5159 37.23579)
link_795	TAZ_2021	TAZ_2231	38	0	0	True	False	LINESTRING (-121.2548 37.93459, -120.9158 37.72739)
link_797	TAZ_6701	TAZ_1796	4	0	0	True	False	LINESTRING (-121.9529 37.47308, -121.9738 37.44141)
link_798	TAZ_6701	TAZ_1624	6	0	0	True	False	LINESTRING (-121.9529 37.47308, -121.9019 37.50847)
link_799	TAZ_1160	TAZ_1179	5	0	0	True	False	LINESTRING (-122.4143 37.71703, -122.4502 37.67812)
link_800	TAZ_1160	TAZ_1192	4	0	0	True	False	LINESTRING (-122.4143 37.71703, -122.3976 37.74832)
link_801	TAZ_1182	TAZ_1179	3	0	0	True	False	LINESTRING (-122.464 37.70524, -122.4502 37.67812)
link_802	TAZ_1182	TAZ_1192	8	0	0	True	False	LINESTRING (-122.464 37.70524, -122.3976 37.74832)
link_803	TAZ_1182	TAZ_1023	10	0	0	True	False	LINESTRING (-122.464 37.70524, -122.3983 37.77844)
link_804	TAZ_1182	TAZ_1160	5	0	0	True	False	LINESTRING (-122.464 37.70524, -122.4143 37.71703)
link_805	TAZ_1380	TAZ_1320	13	0	0	True	False	LINESTRING (-121.9702 37.93682, -122.1111 37.97709)
link_806	TAZ_1380	TAZ_1341	3	0	0	True	False	LINESTRING (-121.9702 37.93682, -121.9344 37.93295)
link_807	TAZ_1380	TAZ_1309	9	0	0	True	False	LINESTRING (-121.9702 37.93682, -122.0638 37.90762)
link_808	TAZ_1399	TAZ_1341	14	0	0	True	False	LINESTRING (-121.814 38.01642, -121.9344 37.93295)
link_810	TAZ_1399	TAZ_1353	2	0	0	True	False	LINESTRING (-121.814 38.01642, -121.7931 38.00592)
link_812	TAZ_1435	TAZ_1403	9	0	0	True	False	LINESTRING (-122.1862 37.75227, -122.2717 37.80142)
link_813	TAZ_1435	TAZ_1413	8	0	0	True	False	LINESTRING (-122.1862 37.75227, -122.1489 37.68535)
link_814	TAZ_1435	TAZ_1408	11	0	0	True	False	LINESTRING (-122.1862 37.75227, -122.066 37.75751)
link_819	TAZ_1691	TAZ_1686	15	0	0	True	False	LINESTRING (-121.7411 37.67736, -121.8074 37.55684)
link_820	TAZ_1691	TAZ_1892	11	0	0	True	False	LINESTRING (-121.7411 37.67736, -121.6373 37.733)
link_821	TAZ_1691	TAZ_1677	8	0	0	True	False	LINESTRING (-121.7411 37.67736, -121.7962 37.73064)
link_828	TAZ_2035	TAZ_2018	1	0	0	True	False	LINESTRING (-121.2971 37.95617, -121.294 37.94593)
link_829	TAZ_2103	TAZ_2200	37	0	0	True	False	LINESTRING (-121.303 37.83502, -120.9238 37.69815)
link_830	TAZ_2103	TAZ_2231	36	0	0	True	False	LINESTRING (-121.303 37.83502, -120.9158 37.72739)
link_832	TAZ_2103	TAZ_2021	12	0	0	True	False	LINESTRING (-121.303 37.83502, -121.2548 37.93459)
link_834	TAZ_2113	TAZ_2103	18	0	0	True	False	LINESTRING (-121.32 37.67557, -121.303 37.83502)
link_835	TAZ_2208	TAZ_2276	31	0	0	True	False	LINESTRING (-121.3114 37.48882, -121.0363 37.30952)
link_836	TAZ_2208	TAZ_1944	33	0	0	True	False	LINESTRING (-121.3114 37.48882, -121.5159 37.23579)
link_837	TAZ_2208	TAZ_2113	21	0	0	True	False	LINESTRING (-121.3114 37.48882, -121.32 37.67557)
link_838	TAZ_2211	TAZ_2200	25	0	0	True	False	LINESTRING (-121.1518 37.56741, -120.9238 37.69815)
link_839	TAZ_2211	TAZ_2234	28	0	0	True	False	LINESTRING (-121.1518 37.56741, -120.859 37.6714)
link_840	TAZ_2211	TAZ_2276	30	0	0	True	False	LINESTRING (-121.1518 37.56741, -121.0363 37.30952)
link_841	TAZ_2211	TAZ_2103	33	0	0	True	False	LINESTRING (-121.1518 37.56741, -121.303 37.83502)
link_842	TAZ_2211	TAZ_2113	19	0	0	True	False	LINESTRING (-121.1518 37.56741, -121.32 37.67557)
link_843	TAZ_2211	TAZ_2208	17	0	0	True	False	LINESTRING (-121.1518 37.56741, -121.3114 37.48882)
link_844	TAZ_3131	TAZ_1937	16	0	0	True	False	LINESTRING (-121.7845 36.92645, -121.6927 37.05524)
link_853	TAZ_1210	TAZ_1179	16	0	0	True	False	LINESTRING (-122.4141 37.53455, -122.4502 37.67812)
link_854	TAZ_1210	TAZ_1227	10	0	0	True	False	LINESTRING (-122.4141 37.53455, -122.3737 37.44854)
link_855	TAZ_1210	TAZ_1182	19	0	0	True	False	LINESTRING (-122.4141 37.53455, -122.464 37.70524)
link_856	TAZ_1310	TAZ_1309	1	0	0	True	False	LINESTRING (-122.0634 37.90086, -122.0638 37.90762)
link_862	TAZ_1415	TAZ_1413	7	0	0	True	False	LINESTRING (-122.0831 37.71688, -122.1489 37.68535)
link_864	TAZ_1415	TAZ_1408	5	0	0	True	False	LINESTRING (-122.0831 37.71688, -122.066 37.75751)
link_866	TAZ_1415	TAZ_1435	10	0	0	True	False	LINESTRING (-122.0831 37.71688, -122.1862 37.75227)
link_868	TAZ_1507	TAZ_1320	24	0	0	True	False	LINESTRING (-122.2829 37.81159, -122.1111 37.97709)
link_869	TAZ_1507	TAZ_1403	1	0	0	True	False	LINESTRING (-122.2829 37.81159, -122.2717 37.80142)
link_875	TAZ_1678	TAZ_1686	15	0	0	True	False	LINESTRING (-121.9289 37.65413, -121.8074 37.55684)
link_879	TAZ_1687	TAZ_1686	13	0	0	True	False	LINESTRING (-121.7775 37.67489, -121.8074 37.55684)
link_880	TAZ_1687	TAZ_1677	6	0	0	True	False	LINESTRING (-121.7775 37.67489, -121.7962 37.73064)
link_881	TAZ_1687	TAZ_1691	3	0	0	True	False	LINESTRING (-121.7775 37.67489, -121.7411 37.67736)
link_882	TAZ_1814	TAZ_1731	18	0	0	True	False	LINESTRING (-121.948 37.27839, -122.0922 37.39572)
link_883	TAZ_1814	TAZ_1917	2	0	0	True	False	LINESTRING (-121.948 37.27839, -121.9426 37.25814)
link_884	TAZ_1896	TAZ_1677	10	0	0	True	False	LINESTRING (-121.8945 37.69166, -121.7962 37.73064)
link_885	TAZ_1896	TAZ_1678	5	0	0	True	False	LINESTRING (-121.8945 37.69166, -121.9289 37.65413)
link_886	TAZ_1938	TAZ_2312	44	0	0	True	False	LINESTRING (-121.5165 37.01012, -121.0273 36.98734)
link_887	TAZ_1938	TAZ_2305	45	0	0	True	False	LINESTRING (-121.5165 37.01012, -121.019 37.09455)
link_888	TAZ_1938	TAZ_1944	25	0	0	True	False	LINESTRING (-121.5165 37.01012, -121.5159 37.23579)
link_889	TAZ_1938	TAZ_3202	34	0	0	True	False	LINESTRING (-121.5165 37.01012, -121.6519 36.72673)
link_890	TAZ_1938	TAZ_1937	16	0	0	True	False	LINESTRING (-121.5165 37.01012, -121.6927 37.05524)
link_893	TAZ_2020	TAZ_2021	3	0	0	True	False	LINESTRING (-121.2838 37.92551, -121.2548 37.93459)
link_894	TAZ_2020	TAZ_2018	2	0	0	True	False	LINESTRING (-121.2838 37.92551, -121.294 37.94593)
link_896	TAZ_2020	TAZ_2103	10	0	0	True	False	LINESTRING (-121.2838 37.92551, -121.303 37.83502)
link_897	TAZ_2107	TAZ_1892	10	0	0	True	False	LINESTRING (-121.5235 37.74737, -121.6373 37.733)
link_899	TAZ_3214	TAZ_3252	34	0	0	True	False	LINESTRING (-121.1254 36.21281, -120.9108 35.96052)
link_900	TAZ_3214	TAZ_2525	76	0	0	True	False	LINESTRING (-121.1254 36.21281, -120.3859 36.55101)
link_901	TAZ_3214	TAZ_2506	62	0	0	True	False	LINESTRING (-121.1254 36.21281, -120.4398 36.1753)
link_906	TAZ_921	TAZ_902	5	0	0	True	False	LINESTRING (-122.5403 37.98283, -122.5184 38.02905)
link_912	TAZ_1368	TAZ_1341	15	0	0	True	False	LINESTRING (-122.0294 37.8172, -121.9344 37.93295)
link_913	TAZ_1368	TAZ_1380	14	0	0	True	False	LINESTRING (-122.0294 37.8172, -121.9702 37.93682)
link_914	TAZ_1368	TAZ_1408	7	0	0	True	False	LINESTRING (-122.0294 37.8172, -122.066 37.75751)
link_915	TAZ_1374	TAZ_1341	22	0	0	True	False	LINESTRING (-121.9386 37.73192, -121.9344 37.93295)
link_916	TAZ_1374	TAZ_1314	15	0	0	True	False	LINESTRING (-121.9386 37.73192, -121.8191 37.83229)
link_918	TAZ_1374	TAZ_1677	13	0	0	True	False	LINESTRING (-121.9386 37.73192, -121.7962 37.73064)
link_919	TAZ_1374	TAZ_1408	12	0	0	True	False	LINESTRING (-121.9386 37.73192, -122.066 37.75751)
link_920	TAZ_1374	TAZ_1415	13	0	0	True	False	LINESTRING (-121.9386 37.73192, -122.0831 37.71688)
link_921	TAZ_1374	TAZ_1678	9	0	0	True	False	LINESTRING (-121.9386 37.73192, -121.9289 37.65413)
link_922	TAZ_1374	TAZ_1896	6	0	0	True	False	LINESTRING (-121.9386 37.73192, -121.8945 37.69166)
link_923	TAZ_1374	TAZ_1368	12	0	0	True	False	LINESTRING (-121.9386 37.73192, -122.0294 37.8172)
link_925	TAZ_1614	TAZ_1796	10	0	0	True	False	LINESTRING (-122.0005 37.53319, -121.9738 37.44141)
link_927	TAZ_1614	TAZ_6701	8	0	0	True	False	LINESTRING (-122.0005 37.53319, -121.9529 37.47308)
link_930	TAZ_1680	TAZ_1686	15	0	0	True	False	LINESTRING (-121.8157 37.68963, -121.8074 37.55684)
link_931	TAZ_1680	TAZ_1677	5	0	0	True	False	LINESTRING (-121.8157 37.68963, -121.7962 37.73064)
link_932	TAZ_1680	TAZ_1687	4	0	0	True	False	LINESTRING (-121.8157 37.68963, -121.7775 37.67489)
link_933	TAZ_1680	TAZ_1896	7	0	0	True	False	LINESTRING (-121.8157 37.68963, -121.8945 37.69166)
link_942	TAZ_1813	TAZ_1731	16	0	0	True	False	LINESTRING (-121.9453 37.31637, -122.0922 37.39572)
link_943	TAZ_1813	TAZ_1814	4	0	0	True	False	LINESTRING (-121.9453 37.31637, -121.948 37.27839)
link_945	TAZ_1839	TAZ_1624	21	0	0	True	False	LINESTRING (-121.8444 37.32749, -121.9019 37.50847)
link_946	TAZ_1839	TAZ_1917	12	0	0	True	False	LINESTRING (-121.8444 37.32749, -121.9426 37.25814)
link_947	TAZ_1839	TAZ_1814	11	0	0	True	False	LINESTRING (-121.8444 37.32749, -121.948 37.27839)
link_949	TAZ_1839	TAZ_1813	9	0	0	True	False	LINESTRING (-121.8444 37.32749, -121.9453 37.31637)
link_956	TAZ_2039	TAZ_2035	3	0	0	True	False	LINESTRING (-121.3107 37.98465, -121.2971 37.95617)
link_962	TAZ_3108	TAZ_3121	18	0	0	True	False	LINESTRING (-122.1006 37.17453, -122.0182 37.02352)
link_963	TAZ_3108	TAZ_1731	25	0	0	True	False	LINESTRING (-122.1006 37.17453, -122.0922 37.39572)
link_964	TAZ_3108	TAZ_1917	17	0	0	True	False	LINESTRING (-122.1006 37.17453, -121.9426 37.25814)
link_965	TAZ_3108	TAZ_1814	18	0	0	True	False	LINESTRING (-122.1006 37.17453, -121.948 37.27839)
link_967	TAZ_3129	TAZ_1937	16	0	0	True	False	LINESTRING (-121.8245 36.96129, -121.6927 37.05524)
link_968	TAZ_3129	TAZ_3131	5	0	0	True	False	LINESTRING (-121.8245 36.96129, -121.7845 36.92645)
link_972	TAZ_3210	TAZ_3214	16	0	0	True	False	LINESTRING (-121.2702 36.3002, -121.1254 36.21281)
link_984	TAZ_1237	TAZ_1179	14	0	0	True	False	LINESTRING (-122.3684 37.56687, -122.4502 37.67812)
link_985	TAZ_1237	TAZ_1227	13	0	0	True	False	LINESTRING (-122.3684 37.56687, -122.3737 37.44854)
link_988	TAZ_1237	TAZ_1160	17	0	0	True	False	LINESTRING (-122.3684 37.56687, -122.4143 37.71703)
link_990	TAZ_1237	TAZ_1210	5	0	0	True	False	LINESTRING (-122.3684 37.56687, -122.4141 37.53455)
link_996	TAZ_1357	TAZ_1341	9	0	0	True	False	LINESTRING (-121.8368 37.93433, -121.9344 37.93295)
link_998	TAZ_1357	TAZ_1314	11	0	0	True	False	LINESTRING (-121.8368 37.93433, -121.8191 37.83229)
link_999	TAZ_1357	TAZ_1353	9	0	0	True	False	LINESTRING (-121.8368 37.93433, -121.7931 38.00592)
link_1000	TAZ_1357	TAZ_1399	9	0	0	True	False	LINESTRING (-121.8368 37.93433, -121.814 38.01642)
link_1002	TAZ_1388	TAZ_1320	10	0	0	True	False	LINESTRING (-122.1041 37.88969, -122.1111 37.97709)
link_1003	TAZ_1388	TAZ_1403	18	0	0	True	False	LINESTRING (-122.1041 37.88969, -122.2717 37.80142)
link_1004	TAZ_1388	TAZ_1309	4	0	0	True	False	LINESTRING (-122.1041 37.88969, -122.0638 37.90762)
link_1005	TAZ_1388	TAZ_1408	15	0	0	True	False	LINESTRING (-122.1041 37.88969, -122.066 37.75751)
link_1006	TAZ_1388	TAZ_1435	17	0	0	True	False	LINESTRING (-122.1041 37.88969, -122.1862 37.75227)
link_1007	TAZ_1388	TAZ_1310	4	0	0	True	False	LINESTRING (-122.1041 37.88969, -122.0634 37.90086)
link_1008	TAZ_1388	TAZ_1507	18	0	0	True	False	LINESTRING (-122.1041 37.88969, -122.2829 37.81159)
link_1009	TAZ_1388	TAZ_1368	10	0	0	True	False	LINESTRING (-122.1041 37.88969, -122.0294 37.8172)
link_1016	TAZ_1946	TAZ_3121	24	0	0	True	False	LINESTRING (-121.9322 37.22763, -122.0182 37.02352)
link_1017	TAZ_1946	TAZ_1917	4	0	0	True	False	LINESTRING (-121.9322 37.22763, -121.9426 37.25814)
link_1018	TAZ_1946	TAZ_1839	14	0	0	True	False	LINESTRING (-121.9322 37.22763, -121.8444 37.32749)
link_1020	TAZ_1946	TAZ_3108	16	0	0	True	False	LINESTRING (-121.9322 37.22763, -122.1006 37.17453)
link_1021	TAZ_1946	TAZ_3129	31	0	0	True	False	LINESTRING (-121.9322 37.22763, -121.8245 36.96129)
link_1027	TAZ_2114	TAZ_1892	21	0	0	True	False	LINESTRING (-121.4532 37.61134, -121.6373 37.733)
link_1028	TAZ_2114	TAZ_1944	42	0	0	True	False	LINESTRING (-121.4532 37.61134, -121.5159 37.23579)
link_1029	TAZ_2114	TAZ_1691	26	0	0	True	False	LINESTRING (-121.4532 37.61134, -121.7411 37.67736)
link_1030	TAZ_2114	TAZ_2113	14	0	0	True	False	LINESTRING (-121.4532 37.61134, -121.32 37.67557)
link_1031	TAZ_2114	TAZ_2208	18	0	0	True	False	LINESTRING (-121.4532 37.61134, -121.3114 37.48882)
link_1032	TAZ_2114	TAZ_2107	16	0	0	True	False	LINESTRING (-121.4532 37.61134, -121.5235 37.74737)
link_1034	TAZ_3115	TAZ_3121	9	0	0	True	False	LINESTRING (-121.9329 36.97825, -122.0182 37.02352)
link_1035	TAZ_3115	TAZ_3131	14	0	0	True	False	LINESTRING (-121.9329 36.97825, -121.7845 36.92645)
link_1036	TAZ_3115	TAZ_3129	10	0	0	True	False	LINESTRING (-121.9329 36.97825, -121.8245 36.96129)
link_1038	TAZ_3115	TAZ_1946	28	0	0	True	False	LINESTRING (-121.9329 36.97825, -121.9322 37.22763)
link_1051	WECC_SF	TAZ_1686	3	0	0	True	False	LINESTRING (-121.7806 37.53596, -121.8074 37.55684)
link_1052	WECC_SF	TAZ_1944	41	0	0	True	False	LINESTRING (-121.7806 37.53596, -121.5159 37.23579)
link_1053	WECC_SF	TAZ_1624	11	0	0	True	False	LINESTRING (-121.7806 37.53596, -121.9019 37.50847)
link_1054	WECC_SF	TAZ_1691	16	0	0	True	False	LINESTRING (-121.7806 37.53596, -121.7411 37.67736)
link_1055	WECC_SF	TAZ_1839	24	0	0	True	False	LINESTRING (-121.7806 37.53596, -121.8444 37.32749)
link_1057	WECC_SF	TAZ_2114	30	0	0	True	False	LINESTRING (-121.7806 37.53596, -121.4532 37.61134)
link_1058	TAZ_164	TAZ_109	67	0	0	True	False	LINESTRING (-123.0202 41.40137, -123.7552 41.15415)
link_1068	TAZ_983	TAZ_228	112	0	0	True	False	LINESTRING (-122.5467 38.21901, -122.3578 39.2191)
link_1070	TAZ_156	TAZ_167	39	0	0	True	False	LINESTRING (-122.3591 40.99509, -122.328 41.34748)
link_1071	TAZ_337	TAZ_212	54	0	0	True	False	LINESTRING (-121.5962 39.15078, -121.8347 39.60258)
link_1072	TAZ_528	TAZ_507	1	0	0	True	False	LINESTRING (-121.488 38.60656, -121.4908 38.5972)
link_1076	TAZ_715	TAZ_1399	24	0	0	True	False	LINESTRING (-121.6256 38.1703, -121.814 38.01642)
link_1084	TAZ_864	TAZ_1320	21	0	0	True	False	LINESTRING (-122.2368 38.13577, -122.1111 37.97709)
link_1085	TAZ_864	TAZ_821	10	0	0	True	False	LINESTRING (-122.2368 38.13577, -122.2301 38.22754)
link_1092	TAZ_2149	TAZ_2039	10	0	0	True	False	LINESTRING (-121.2719 38.0704, -121.3107 37.98465)
link_1094	TAZ_137	TAZ_156	55	0	0	True	False	LINESTRING (-122.6581 40.55205, -122.3591 40.99509)
link_1095	TAZ_137	TAZ_281	55	0	0	True	False	LINESTRING (-122.6581 40.55205, -122.6121 40.06224)
link_1096	TAZ_210	TAZ_212	11	0	0	True	False	LINESTRING (-121.8109 39.70058, -121.8347 39.60258)
link_1099	TAZ_347	TAZ_212	59	0	0	True	False	LINESTRING (-121.1798 39.44928, -121.8347 39.60258)
link_1100	TAZ_347	TAZ_337	49	0	0	True	False	LINESTRING (-121.1798 39.44928, -121.5962 39.15078)
link_1101	TAZ_347	TAZ_210	61	0	0	True	False	LINESTRING (-121.1798 39.44928, -121.8109 39.70058)
link_1103	TAZ_522	TAZ_507	5	0	0	True	False	LINESTRING (-121.4381 38.61973, -121.4908 38.5972)
link_1104	TAZ_522	TAZ_528	5	0	0	True	False	LINESTRING (-121.4381 38.61973, -121.488 38.60656)
link_1105	TAZ_522	TAZ_643	13	0	0	True	False	LINESTRING (-121.4381 38.61973, -121.3274 38.69809)
link_1106	TAZ_867	TAZ_1320	19	0	0	True	False	LINESTRING (-122.2555 38.11022, -122.1111 37.97709)
link_1107	TAZ_867	TAZ_1507	33	0	0	True	False	LINESTRING (-122.2555 38.11022, -122.2829 37.81159)
link_1108	TAZ_867	TAZ_864	3	0	0	True	False	LINESTRING (-122.2555 38.11022, -122.2368 38.13577)
link_1110	TAZ_877	TAZ_1320	23	0	0	True	False	LINESTRING (-121.9777 38.15737, -122.1111 37.97709)
link_1111	TAZ_877	TAZ_1341	25	0	0	True	False	LINESTRING (-121.9777 38.15737, -121.9344 37.93295)
link_1112	TAZ_877	TAZ_1380	25	0	0	True	False	LINESTRING (-121.9777 38.15737, -121.9702 37.93682)
link_1113	TAZ_877	TAZ_1399	21	0	0	True	False	LINESTRING (-121.9777 38.15737, -121.814 38.01642)
link_1114	TAZ_877	TAZ_715	31	0	0	True	False	LINESTRING (-121.9777 38.15737, -121.6256 38.1703)
link_1116	TAZ_901	TAZ_902	4	0	0	True	False	LINESTRING (-122.5116 38.06876, -122.5184 38.02905)
link_1118	TAZ_158	TAZ_167	102	0	0	True	False	LINESTRING (-121.5132 40.67296, -122.328 41.34748)
link_1119	TAZ_158	TAZ_202	99	0	0	True	False	LINESTRING (-121.5132 40.67296, -121.8872 39.82471)
link_1120	TAZ_158	TAZ_156	80	0	0	True	False	LINESTRING (-121.5132 40.67296, -122.3591 40.99509)
link_1121	TAZ_170	TAZ_109	86	0	0	True	False	LINESTRING (-122.7787 40.92189, -123.7552 41.15415)
link_1122	TAZ_170	TAZ_164	57	0	0	True	False	LINESTRING (-122.7787 40.92189, -123.0202 41.40137)
link_1124	TAZ_170	TAZ_167	61	0	0	True	False	LINESTRING (-122.7787 40.92189, -122.328 41.34748)
link_1125	TAZ_170	TAZ_156	36	0	0	True	False	LINESTRING (-122.7787 40.92189, -122.3591 40.99509)
link_1126	TAZ_170	TAZ_137	42	0	0	True	False	LINESTRING (-122.7787 40.92189, -122.6581 40.55205)
link_1127	TAZ_209	TAZ_202	12	0	0	True	False	LINESTRING (-121.8277 39.72622, -121.8872 39.82471)
link_1128	TAZ_209	TAZ_212	14	0	0	True	False	LINESTRING (-121.8277 39.72622, -121.8347 39.60258)
link_1129	TAZ_209	TAZ_210	3	0	0	True	False	LINESTRING (-121.8277 39.72622, -121.8109 39.70058)
link_1133	TAZ_280	TAZ_202	62	0	0	True	False	LINESTRING (-122.3303 40.27218, -121.8872 39.82471)
link_1134	TAZ_280	TAZ_156	80	0	0	True	False	LINESTRING (-122.3303 40.27218, -122.3591 40.99509)
link_1135	TAZ_280	TAZ_281	33	0	0	True	False	LINESTRING (-122.3303 40.27218, -122.6121 40.06224)
link_1136	TAZ_280	TAZ_137	42	0	0	True	False	LINESTRING (-122.3303 40.27218, -122.6581 40.55205)
link_1137	TAZ_280	TAZ_158	82	0	0	True	False	LINESTRING (-122.3303 40.27218, -121.5132 40.67296)
link_1138	TAZ_329	TAZ_228	78	0	0	True	False	LINESTRING (-122.0077 38.57472, -122.3578 39.2191)
link_1139	TAZ_329	TAZ_837	20	0	0	True	False	LINESTRING (-122.0077 38.57472, -121.9326 38.40344)
link_1147	TAZ_819	TAZ_228	104	0	0	True	False	LINESTRING (-122.3682 38.28159, -122.3578 39.2191)
link_1148	TAZ_819	TAZ_821	13	0	0	True	False	LINESTRING (-122.3682 38.28159, -122.2301 38.22754)
link_1149	TAZ_819	TAZ_983	17	0	0	True	False	LINESTRING (-122.3682 38.28159, -122.5467 38.21901)
link_1152	TAZ_847	TAZ_837	14	0	0	True	False	LINESTRING (-122.0266 38.299, -121.9326 38.40344)
link_1153	TAZ_847	TAZ_848	5	0	0	True	False	LINESTRING (-122.0266 38.299, -122.0786 38.29595)
link_1155	TAZ_847	TAZ_877	16	0	0	True	False	LINESTRING (-122.0266 38.299, -121.9777 38.15737)
link_1156	TAZ_858	TAZ_821	6	0	0	True	False	LINESTRING (-122.1661 38.25406, -122.2301 38.22754)
link_1157	TAZ_858	TAZ_848	9	0	0	True	False	LINESTRING (-122.1661 38.25406, -122.0786 38.29595)
link_1160	TAZ_858	TAZ_864	15	0	0	True	False	LINESTRING (-122.1661 38.25406, -122.2368 38.13577)
link_1161	TAZ_110	TAZ_109	33	0	0	True	False	LINESTRING (-124.0929 41.0098, -123.7552 41.15415)
link_1169	TAZ_320	TAZ_837	23	0	0	True	False	LINESTRING (-121.7532 38.55245, -121.9326 38.40344)
link_1170	TAZ_320	TAZ_715	44	0	0	True	False	LINESTRING (-121.7532 38.55245, -121.6256 38.1703)
link_1171	TAZ_320	TAZ_329	22	0	0	True	False	LINESTRING (-121.7532 38.55245, -122.0077 38.57472)
link_1186	TAZ_531	TAZ_507	2	0	0	True	False	LINESTRING (-121.5032 38.58243, -121.4908 38.5972)
link_1187	TAZ_531	TAZ_522	7	0	0	True	False	LINESTRING (-121.5032 38.58243, -121.4381 38.61973)
link_1191	TAZ_740	TAZ_715	26	0	0	True	False	LINESTRING (-121.3555 38.27625, -121.6256 38.1703)
link_1192	TAZ_740	TAZ_2149	24	0	0	True	False	LINESTRING (-121.3555 38.27625, -121.2719 38.0704)
link_1198	TAZ_211	TAZ_202	9	0	0	True	False	LINESTRING (-121.9609 39.77029, -121.8872 39.82471)
link_1199	TAZ_211	TAZ_212	22	0	0	True	False	LINESTRING (-121.9609 39.77029, -121.8347 39.60258)
link_1200	TAZ_211	TAZ_209	12	0	0	True	False	LINESTRING (-121.9609 39.77029, -121.8277 39.72622)
link_1202	TAZ_233	TAZ_228	57	0	0	True	False	LINESTRING (-122.1571 39.70913, -122.3578 39.2191)
link_1203	TAZ_233	TAZ_212	30	0	0	True	False	LINESTRING (-122.1571 39.70913, -121.8347 39.60258)
link_1206	TAZ_233	TAZ_211	18	0	0	True	False	LINESTRING (-122.1571 39.70913, -121.9609 39.77029)
link_1214	TAZ_785	TAZ_837	9	0	0	True	False	LINESTRING (-121.9295 38.32189, -121.9326 38.40344)
link_1215	TAZ_785	TAZ_715	31	0	0	True	False	LINESTRING (-121.9295 38.32189, -121.6256 38.1703)
link_1216	TAZ_785	TAZ_877	19	0	0	True	False	LINESTRING (-121.9295 38.32189, -121.9777 38.15737)
link_1217	TAZ_785	TAZ_847	9	0	0	True	False	LINESTRING (-121.9295 38.32189, -122.0266 38.299)
link_1218	TAZ_785	TAZ_320	30	0	0	True	False	LINESTRING (-121.9295 38.32189, -121.7532 38.55245)
link_1224	TAZ_866	TAZ_864	3	0	0	True	False	LINESTRING (-122.2673 38.11742, -122.2368 38.13577)
link_1226	TAZ_866	TAZ_867	1	0	0	True	False	LINESTRING (-122.2673 38.11742, -122.2555 38.11022)
link_1227	TAZ_909	TAZ_902	11	0	0	True	False	LINESTRING (-122.5412 38.12576, -122.5184 38.02905)
link_1228	TAZ_909	TAZ_921	16	0	0	True	False	LINESTRING (-122.5412 38.12576, -122.5403 37.98283)
link_1230	TAZ_909	TAZ_983	10	0	0	True	False	LINESTRING (-122.5412 38.12576, -122.5467 38.21901)
link_1232	TAZ_909	TAZ_901	7	0	0	True	False	LINESTRING (-122.5412 38.12576, -122.5116 38.06876)
link_1233	TAZ_909	TAZ_819	23	0	0	True	False	LINESTRING (-122.5412 38.12576, -122.3682 38.28159)
link_1234	WEC_CALN	TAZ_228	90	0	0	True	False	LINESTRING (-122.8559 39.93482, -122.3578 39.2191)
link_1236	WEC_CALN	TAZ_281	25	0	0	True	False	LINESTRING (-122.8559 39.93482, -122.6121 40.06224)
link_1237	WEC_CALN	TAZ_137	71	0	0	True	False	LINESTRING (-122.8559 39.93482, -122.6581 40.55205)
link_1240	WEC_CALN	TAZ_233	65	0	0	True	False	LINESTRING (-122.8559 39.93482, -122.1571 39.70913)
link_1241	TAZ_263	TAZ_347	56	0	0	True	False	LINESTRING (-120.5351 39.39309, -121.1798 39.44928)
link_1242	TAZ_263	TAZ_262	35	0	0	True	False	LINESTRING (-120.5351 39.39309, -120.1363 39.33685)
link_1243	TAZ_277	TAZ_347	59	0	0	True	False	LINESTRING (-120.516 39.58069, -121.1798 39.44928)
link_1244	TAZ_277	TAZ_262	42	0	0	True	False	LINESTRING (-120.516 39.58069, -120.1363 39.33685)
link_1245	TAZ_277	TAZ_263	21	0	0	True	False	LINESTRING (-120.516 39.58069, -120.5351 39.39309)
link_1252	TAZ_3021	TAZ_3022	80	0	0	True	False	LINESTRING (-119.2034 38.16714, -118.5197 37.69179)
link_1253	TAZ_3021	TAZ_3023	62	0	0	True	False	LINESTRING (-119.2034 38.16714, -118.9816 37.63797)
link_1256	TAZ_273	TAZ_202	76	0	0	True	False	LINESTRING (-121.0038 39.88164, -121.8872 39.82471)
link_1257	TAZ_273	TAZ_210	72	0	0	True	False	LINESTRING (-121.0038 39.88164, -121.8109 39.70058)
link_1258	TAZ_273	TAZ_347	50	0	0	True	False	LINESTRING (-121.0038 39.88164, -121.1798 39.44928)
link_1259	TAZ_273	TAZ_158	98	0	0	True	False	LINESTRING (-121.0038 39.88164, -121.5132 40.67296)
link_1260	TAZ_273	TAZ_209	73	0	0	True	False	LINESTRING (-121.0038 39.88164, -121.8277 39.72622)
link_1261	TAZ_273	TAZ_277	54	0	0	True	False	LINESTRING (-121.0038 39.88164, -120.516 39.58069)
link_1265	TAZ_122	TAZ_158	81	0	0	True	False	LINESTRING (-120.593 40.86393, -121.5132 40.67296)
link_1266	TAZ_122	TAZ_124	48	0	0	True	False	LINESTRING (-120.593 40.86393, -120.5048 40.43581)
link_1267	TAZ_126	TAZ_124	14	0	0	True	False	LINESTRING (-120.6113 40.33423, -120.5048 40.43581)
link_1268	TAZ_126	TAZ_273	60	0	0	True	False	LINESTRING (-120.6113 40.33423, -121.0038 39.88164)
link_1269	TAZ_127	TAZ_124	45	0	0	True	False	LINESTRING (-120.1527 40.13068, -120.5048 40.43581)
link_1270	TAZ_127	TAZ_262	88	0	0	True	False	LINESTRING (-120.1527 40.13068, -120.1363 39.33685)
link_1271	TAZ_127	TAZ_122	90	0	0	True	False	LINESTRING (-120.1527 40.13068, -120.593 40.86393)
link_1272	TAZ_127	TAZ_126	45	0	0	True	False	LINESTRING (-120.1527 40.13068, -120.6113 40.33423)
link_1273	TAZ_128	TAZ_122	71	0	0	True	False	LINESTRING (-120.5515 41.50292, -120.593 40.86393)
link_1274	TAZ_274	TAZ_262	68	0	0	True	False	LINESTRING (-120.3645 39.91888, -120.1363 39.33685)
link_1275	TAZ_274	TAZ_277	40	0	0	True	False	LINESTRING (-120.3645 39.91888, -120.516 39.58069)
link_1276	TAZ_274	TAZ_273	55	0	0	True	False	LINESTRING (-120.3645 39.91888, -121.0038 39.88164)
link_1277	TAZ_274	TAZ_126	51	0	0	True	False	LINESTRING (-120.3645 39.91888, -120.6113 40.33423)
link_1278	TAZ_274	TAZ_127	30	0	0	True	False	LINESTRING (-120.3645 39.91888, -120.1527 40.13068)
link_1281	TAZ_417	TAZ_414	30	0	0	True	False	LINESTRING (-119.9872 38.89889, -120.3247 38.83056)
link_1282	TAZ_425	TAZ_414	31	0	0	True	False	LINESTRING (-120.5261 38.60286, -120.3247 38.83056)
link_1283	TAZ_426	TAZ_414	26	0	0	True	False	LINESTRING (-120.5929 38.71968, -120.3247 38.83056)
link_1284	TAZ_426	TAZ_425	14	0	0	True	False	LINESTRING (-120.5929 38.71968, -120.5261 38.60286)
link_1285	TAZ_456	TAZ_643	38	0	0	True	False	LINESTRING (-121.0715 38.97601, -121.3274 38.69809)
link_1287	TAZ_456	TAZ_347	53	0	0	True	False	LINESTRING (-121.0715 38.97601, -121.1798 39.44928)
link_1288	TAZ_460	TAZ_262	22	0	0	True	False	LINESTRING (-120.1151 39.13717, -120.1363 39.33685)
link_1290	TAZ_460	TAZ_414	39	0	0	True	False	LINESTRING (-120.1151 39.13717, -120.3247 38.83056)
link_1291	TAZ_461	TAZ_262	12	0	0	True	False	LINESTRING (-120.0676 39.24648, -120.1363 39.33685)
link_1292	TAZ_461	TAZ_3021	142	0	0	True	False	LINESTRING (-120.0676 39.24648, -119.2034 38.16714)
link_1293	TAZ_461	TAZ_127	99	0	0	True	False	LINESTRING (-120.0676 39.24648, -120.1527 40.13068)
link_1294	TAZ_461	TAZ_460	13	0	0	True	False	LINESTRING (-120.0676 39.24648, -120.1151 39.13717)
link_1296	TAZ_3007	TAZ_3012	38	0	0	True	False	LINESTRING (-120.2441 38.36344, -120.5163 38.10047)
link_1297	TAZ_3008	TAZ_3012	27	0	0	True	False	LINESTRING (-120.4508 38.3385, -120.5163 38.10047)
link_1298	TAZ_3008	TAZ_425	30	0	0	True	False	LINESTRING (-120.4508 38.3385, -120.5261 38.60286)
link_1299	TAZ_3008	TAZ_3007	18	0	0	True	False	LINESTRING (-120.4508 38.3385, -120.2441 38.36344)
link_1302	TAZ_418	TAZ_3021	110	0	0	True	False	LINESTRING (-119.9783 38.95079, -119.2034 38.16714)
link_1303	TAZ_418	TAZ_417	6	0	0	True	False	LINESTRING (-119.9783 38.95079, -119.9872 38.89889)
link_1304	TAZ_418	TAZ_460	24	0	0	True	False	LINESTRING (-119.9783 38.95079, -120.1151 39.13717)
link_1305	TAZ_418	TAZ_461	34	0	0	True	False	LINESTRING (-119.9783 38.95079, -120.0676 39.24648)
link_1306	TAZ_434	TAZ_262	31	0	0	True	False	LINESTRING (-120.4747 39.24865, -120.1363 39.33685)
link_1307	TAZ_434	TAZ_263	17	0	0	True	False	LINESTRING (-120.4747 39.24865, -120.5351 39.39309)
link_1308	TAZ_434	TAZ_414	48	0	0	True	False	LINESTRING (-120.4747 39.24865, -120.3247 38.83056)
link_1309	TAZ_434	TAZ_460	33	0	0	True	False	LINESTRING (-120.4747 39.24865, -120.1151 39.13717)
link_1310	TAZ_471	TAZ_347	51	0	0	True	False	LINESTRING (-121.0228 39.00829, -121.1798 39.44928)
link_1311	TAZ_471	TAZ_263	60	0	0	True	False	LINESTRING (-121.0228 39.00829, -120.5351 39.39309)
link_1312	TAZ_471	TAZ_456	6	0	0	True	False	LINESTRING (-121.0228 39.00829, -121.0715 38.97601)
link_1313	TAZ_471	TAZ_434	54	0	0	True	False	LINESTRING (-121.0228 39.00829, -120.4747 39.24865)
link_1315	TAZ_3002	TAZ_414	34	0	0	True	False	LINESTRING (-120.2893 38.52907, -120.3247 38.83056)
link_1316	TAZ_3002	TAZ_417	49	0	0	True	False	LINESTRING (-120.2893 38.52907, -119.9872 38.89889)
link_1317	TAZ_3002	TAZ_425	22	0	0	True	False	LINESTRING (-120.2893 38.52907, -120.5261 38.60286)
link_1318	TAZ_3002	TAZ_3007	19	0	0	True	False	LINESTRING (-120.2893 38.52907, -120.2441 38.36344)
link_1319	TAZ_3002	TAZ_3008	25	0	0	True	False	LINESTRING (-120.2893 38.52907, -120.4508 38.3385)
link_1338	TAZ_423	TAZ_414	28	0	0	True	False	LINESTRING (-120.6362 38.76581, -120.3247 38.83056)
link_1339	TAZ_423	TAZ_426	6	0	0	True	False	LINESTRING (-120.6362 38.76581, -120.5929 38.71968)
link_1340	TAZ_423	TAZ_456	44	0	0	True	False	LINESTRING (-120.6362 38.76581, -121.0715 38.97601)
link_1341	TAZ_423	TAZ_434	55	0	0	True	False	LINESTRING (-120.6362 38.76581, -120.4747 39.24865)
link_1342	TAZ_423	TAZ_471	43	0	0	True	False	LINESTRING (-120.6362 38.76581, -121.0228 39.00829)
link_1350	WECC_NNV	WECC_SNV	404	0	0	True	False	LINESTRING (-116.7654 39.57402, -115.0188 36.2132)
link_1351	WECC_NNV	Cavern_20	416	0	0	True	False	LINESTRING (-116.7654 39.57402, -113.7911 36.6513)
link_1353	WECC_NNV	TAZ_3022	259	0	0	True	False	LINESTRING (-116.7654 39.57402, -118.5197 37.69179)
link_1354	WECC_NNV	TAZ_3013	351	0	0	True	False	LINESTRING (-116.7654 39.57402, -117.3288 36.44608)
link_1355	WECC_NNV	TAZ_3014	284	0	0	True	False	LINESTRING (-116.7654 39.57402, -118.2864 37.31722)
link_1356	WECC_NNV	TAZ_3021	263	0	0	True	False	LINESTRING (-116.7654 39.57402, -119.2034 38.16714)
link_1357	WECC_NNV	TAZ_127	296	0	0	True	False	LINESTRING (-116.7654 39.57402, -120.1527 40.13068)
link_1358	WECC_NNV	TAZ_461	286	0	0	True	False	LINESTRING (-116.7654 39.57402, -120.0676 39.24648)
link_1359	WECC_UT	Cavern_20	349	0	0	True	False	LINESTRING (-111.6705 39.30516, -113.7911 36.6513)
link_1364	Cavern_15	Cavern_12	149	0	0	True	False	LINESTRING (-109.6079 38.2315, -109.1173 36.953)
link_1366	Cavern_15	Cavern_20	409	0	0	True	False	LINESTRING (-109.6079 38.2315, -113.7911 36.6513)
link_1367	Cavern_15	WECC_UT	215	0	0	True	False	LINESTRING (-109.6079 38.2315, -111.6705 39.30516)
link_1368	Cavern_15	Cavern_8	277	0	0	True	False	LINESTRING (-109.6079 38.2315, -107.1172 39.7927)
link_1373	WECC_CO	Cavern_8	161	0	0	True	False	LINESTRING (-105.5477 38.99653, -107.1172 39.7927)
link_1382	WECC_WY	Cavern_8	360	0	0	True	False	LINESTRING (-107.1481 43.04023, -107.1172 39.7927)
link_1386	Cavern_6	WECC_UT	329	0	0	True	False	LINESTRING (-109.1564 41.5565, -111.6705 39.30516)
link_1387	Cavern_6	Cavern_8	261	0	0	True	False	LINESTRING (-109.1564 41.5565, -107.1172 39.7927)
link_1388	Cavern_6	Cavern_15	371	0	0	True	False	LINESTRING (-109.1564 41.5565, -109.6079 38.2315)
link_1389	Cavern_6	WECC_WY	234	0	0	True	False	LINESTRING (-109.1564 41.5565, -107.1481 43.04023)
link_1390	WECC_ID	WECC_NNV	510	0	0	True	False	LINESTRING (-114.3299 43.79769, -116.7654 39.57402)
link_1393	Cavern_10	WECC_UT	296	0	0	True	False	LINESTRING (-111.1829 41.943, -111.6705 39.30516)
link_1395	Cavern_10	Cavern_6	174	0	0	True	False	LINESTRING (-111.1829 41.943, -109.1564 41.5565)
link_1396	Cavern_10	WECC_ID	330	0	0	True	False	LINESTRING (-111.1829 41.943, -114.3299 43.79769)
link_1402	TAZ_130	TAZ_128	9	0	0	True	False	LINESTRING (-120.5054 41.57613, -120.5515 41.50292)
link_1409	TAZ_129	TAZ_158	108	0	0	True	False	LINESTRING (-121.0986 41.59616, -121.5132 40.67296)
link_1410	TAZ_129	TAZ_122	92	0	0	True	False	LINESTRING (-121.0986 41.59616, -120.593 40.86393)
link_1411	TAZ_129	TAZ_128	47	0	0	True	False	LINESTRING (-121.0986 41.59616, -120.5515 41.50292)
link_1412	TAZ_129	TAZ_130	50	0	0	True	False	LINESTRING (-121.0986 41.59616, -120.5054 41.57613)
link_1413	TAZ_103	TAZ_110	100	0	0	True	False	LINESTRING (-123.8802 41.89815, -124.0929 41.0098)
link_1414	TAZ_160	TAZ_167	77	0	0	True	False	LINESTRING (-121.6226 41.78948, -122.328 41.34748)
link_1415	TAZ_160	TAZ_158	124	0	0	True	False	LINESTRING (-121.6226 41.78948, -121.5132 40.67296)
link_1416	TAZ_160	TAZ_130	96	0	0	True	False	LINESTRING (-121.6226 41.78948, -120.5054 41.57613)
link_1417	TAZ_160	TAZ_129	49	0	0	True	False	LINESTRING (-121.6226 41.78948, -121.0986 41.59616)
link_1418	TAZ_165	TAZ_164	43	0	0	True	False	LINESTRING (-122.6608 41.67715, -123.0202 41.40137)
link_1421	TAZ_161	TAZ_167	55	0	0	True	False	LINESTRING (-122.0418 41.79746, -122.328 41.34748)
link_1422	TAZ_161	TAZ_160	35	0	0	True	False	LINESTRING (-122.0418 41.79746, -121.6226 41.78948)
link_1424	TAZ_162	TAZ_103	117	0	0	True	False	LINESTRING (-122.4755 41.88911, -123.8802 41.89815)
link_1425	TAZ_162	TAZ_165	28	0	0	True	False	LINESTRING (-122.4755 41.88911, -122.6608 41.67715)
link_1426	TAZ_162	TAZ_161	37	0	0	True	False	LINESTRING (-122.4755 41.88911, -122.0418 41.79746)
link_1427	TAZ_163	TAZ_109	74	0	0	True	False	LINESTRING (-123.3357 41.74475, -123.7552 41.15415)
link_1428	TAZ_163	TAZ_164	46	0	0	True	False	LINESTRING (-123.3357 41.74475, -123.0202 41.40137)
link_1429	TAZ_163	TAZ_103	48	0	0	True	False	LINESTRING (-123.3357 41.74475, -123.8802 41.89815)
link_1430	TAZ_163	TAZ_165	57	0	0	True	False	LINESTRING (-123.3357 41.74475, -122.6608 41.67715)
link_1431	TAZ_163	TAZ_162	73	0	0	True	False	LINESTRING (-123.3357 41.74475, -122.4755 41.88911)
link_1432	TAZ_104	TAZ_109	52	0	0	True	False	LINESTRING (-123.8768 41.61544, -123.7552 41.15415)
link_1433	TAZ_104	TAZ_110	70	0	0	True	False	LINESTRING (-123.8768 41.61544, -124.0929 41.0098)
link_1434	TAZ_104	TAZ_103	31	0	0	True	False	LINESTRING (-123.8768 41.61544, -123.8802 41.89815)
link_1435	TAZ_104	TAZ_163	47	0	0	True	False	LINESTRING (-123.8768 41.61544, -123.3357 41.74475)
link_1436	WECC_PNW	WECC_ID	506	0	0	True	False	LINESTRING (-120.327 45.24759, -114.3299 43.79769)
link_1437	WECC_PNW	TAZ_130	406	0	0	True	False	LINESTRING (-120.327 45.24759, -120.5054 41.57613)
link_1439	WECC_PNW	TAZ_103	469	0	0	True	False	LINESTRING (-120.327 45.24759, -123.8802 41.89815)
link_1440	WECC_PNW	TAZ_160	397	0	0	True	False	LINESTRING (-120.327 45.24759, -121.6226 41.78948)
link_1441	WECC_PNW	TAZ_161	406	0	0	True	False	LINESTRING (-120.327 45.24759, -122.0418 41.79746)
link_1442	WECC_PNW	TAZ_162	410	0	0	True	False	LINESTRING (-120.327 45.24759, -122.4755 41.88911)
link_1443	WECC_MT	WECC_WY	531	0	0	True	False	LINESTRING (-111.0155 46.97213, -107.1481 43.04023)
link_1444	WECC_MT	WECC_ID	437	0	0	True	False	LINESTRING (-111.0155 46.97213, -114.3299 43.79769)
link_1447	WECC_MT	WECC_PNW	752	0	0	True	False	LINESTRING (-111.0155 46.97213, -120.327 45.24759)
